<?xml version="1.0"?>
<link_info>
   <banner>TMS320C6x Linker PC v7.4.20</banner>
   <copyright>Copyright (c) 1996-2015 Texas Instruments Incorporated</copyright>
   <link_time>0x58c9b21e</link_time>
   <output_file>Projet_S5_P1.out</output_file>
   <entry_point>
      <name>_c_int00</name>
      <address>0x233e0</address>
   </entry_point>
   <input_file_list>
      <input_file id="fl-2">
         <path>.\source\asm\</path>
         <kind>object</kind>
         <file>CorrX.obj</file>
         <name>CorrX.obj</name>
      </input_file>
      <input_file id="fl-3">
         <path>.\source\asm\</path>
         <kind>object</kind>
         <file>Vectors_intr.obj</file>
         <name>Vectors_intr.obj</name>
      </input_file>
      <input_file id="fl-4">
         <path>.\source\asm\</path>
         <kind>object</kind>
         <file>enableInterrupts.obj</file>
         <name>enableInterrupts.obj</name>
      </input_file>
      <input_file id="fl-5">
         <path>.\source\c\</path>
         <kind>object</kind>
         <file>C6713Helper_UdeS.obj</file>
         <name>C6713Helper_UdeS.obj</name>
      </input_file>
      <input_file id="fl-6">
         <path>.\source\c\</path>
         <kind>object</kind>
         <file>CorrX.obj</file>
         <name>CorrX.obj</name>
      </input_file>
      <input_file id="fl-7">
         <path>.\source\c\</path>
         <kind>object</kind>
         <file>main.obj</file>
         <name>main.obj</name>
      </input_file>
      <input_file id="fl-8">
         <path>.\source\c\</path>
         <kind>object</kind>
         <file>test_fft.obj</file>
         <name>test_fft.obj</name>
      </input_file>
      <input_file id="fl-87">
         <path>C:\ti\ccsv7\tools\compiler\c6000_7.4.20\lib\</path>
         <kind>archive</kind>
         <file>rts6700.lib</file>
         <name>boot.obj</name>
      </input_file>
      <input_file id="fl-88">
         <path>C:\ti\ccsv7\tools\compiler\c6000_7.4.20\lib\</path>
         <kind>archive</kind>
         <file>rts6700.lib</file>
         <name>divf.obj</name>
      </input_file>
      <input_file id="fl-89">
         <path>C:\ti\ccsv7\tools\compiler\c6000_7.4.20\lib\</path>
         <kind>archive</kind>
         <file>rts6700.lib</file>
         <name>exit.obj</name>
      </input_file>
      <input_file id="fl-8a">
         <path>C:\ti\ccsv7\tools\compiler\c6000_7.4.20\lib\</path>
         <kind>archive</kind>
         <file>rts6700.lib</file>
         <name>sin.obj</name>
      </input_file>
      <input_file id="fl-8b">
         <path>C:\ti\ccsv7\tools\compiler\c6000_7.4.20\lib\</path>
         <kind>archive</kind>
         <file>rts6700.lib</file>
         <name>strasg.obj</name>
      </input_file>
      <input_file id="fl-8c">
         <path>C:\ti\ccsv7\tools\compiler\c6000_7.4.20\lib\</path>
         <kind>archive</kind>
         <file>rts6700.lib</file>
         <name>trunc.obj</name>
      </input_file>
      <input_file id="fl-8d">
         <path>C:\ti\ccsv7\tools\compiler\c6000_7.4.20\lib\</path>
         <kind>archive</kind>
         <file>rts6700.lib</file>
         <name>args_main.obj</name>
      </input_file>
      <input_file id="fl-8e">
         <path>C:\ti\ccsv7\tools\compiler\c6000_7.4.20\lib\</path>
         <kind>archive</kind>
         <file>rts6700.lib</file>
         <name>autoinit.obj</name>
      </input_file>
      <input_file id="fl-8f">
         <path>C:\ti\ccsv7\tools\compiler\c6000_7.4.20\lib\</path>
         <kind>archive</kind>
         <file>rts6700.lib</file>
         <name>cpp_init.obj</name>
      </input_file>
      <input_file id="fl-90">
         <path>C:\ti\ccsv7\tools\compiler\c6000_7.4.20\lib\</path>
         <kind>archive</kind>
         <file>rts6700.lib</file>
         <name>cpy_tbl.obj</name>
      </input_file>
      <input_file id="fl-91">
         <path>C:\ti\ccsv7\tools\compiler\c6000_7.4.20\lib\</path>
         <kind>archive</kind>
         <file>rts6700.lib</file>
         <name>memcpy62.obj</name>
      </input_file>
      <input_file id="fl-92">
         <path>C:\ti\ccsv7\tools\compiler\c6000_7.4.20\lib\</path>
         <kind>archive</kind>
         <file>rts6700.lib</file>
         <name>modf.obj</name>
      </input_file>
      <input_file id="fl-93">
         <path>C:\ti\ccsv7\tools\compiler\c6000_7.4.20\lib\</path>
         <kind>archive</kind>
         <file>rts6700.lib</file>
         <name>round.obj</name>
      </input_file>
      <input_file id="fl-94">
         <path>C:\ti\ccsv7\ccs_base\C6xCSL\lib_3x\</path>
         <kind>archive</kind>
         <file>csl6713.lib</file>
         <name>csl_irq.obj</name>
      </input_file>
      <input_file id="fl-95">
         <path>C:\ti\ccsv7\ccs_base\C6xCSL\lib_3x\</path>
         <kind>archive</kind>
         <file>csl6713.lib</file>
         <name>csl_mcbsp.obj</name>
      </input_file>
      <input_file id="fl-96">
         <path>C:\ti\ccsv7\ccs_base\C6700\dsplib\lib\</path>
         <kind>archive</kind>
         <file>dsp67x.lib</file>
         <name>DSPF_sp_cfftr2_dit.obj</name>
      </input_file>
      <input_file id="fl-97">
         <path>C:\ti\dsk6713\lib\</path>
         <kind>archive</kind>
         <file>dsk6713bsl.lib</file>
         <name>dsk6713.obj</name>
      </input_file>
      <input_file id="fl-98">
         <path>C:\ti\dsk6713\lib\</path>
         <kind>archive</kind>
         <file>dsk6713bsl.lib</file>
         <name>dsk6713_aic23_closecodec.obj</name>
      </input_file>
      <input_file id="fl-99">
         <path>C:\ti\dsk6713\lib\</path>
         <kind>archive</kind>
         <file>dsk6713bsl.lib</file>
         <name>dsk6713_aic23_opencodec.obj</name>
      </input_file>
      <input_file id="fl-9a">
         <path>C:\ti\dsk6713\lib\</path>
         <kind>archive</kind>
         <file>dsk6713bsl.lib</file>
         <name>dsk6713_aic23_registers.obj</name>
      </input_file>
      <input_file id="fl-9b">
         <path>C:\ti\dsk6713\lib\</path>
         <kind>archive</kind>
         <file>dsk6713bsl.lib</file>
         <name>dsk6713_aic23_setfreq.obj</name>
      </input_file>
   </input_file_list>
   <object_component_list>
      <object_component id="oc-10">
         <name>.vectors</name>
         <load_address>0x0</load_address>
         <run_address>0x0</run_address>
         <size>0x200</size>
         <input_file_ref idref="fl-3"/>
      </object_component>
      <object_component id="oc-89">
         <name>.text</name>
         <load_address>0x207a0</load_address>
         <run_address>0x207a0</run_address>
         <size>0x7e0</size>
         <input_file_ref idref="fl-5"/>
      </object_component>
      <object_component id="oc-66">
         <name>.text</name>
         <load_address>0x20f80</load_address>
         <run_address>0x20f80</run_address>
         <size>0x4e0</size>
         <input_file_ref idref="fl-96"/>
      </object_component>
      <object_component id="oc-6a">
         <name>.text</name>
         <load_address>0x21460</load_address>
         <run_address>0x21460</run_address>
         <size>0x480</size>
         <input_file_ref idref="fl-97"/>
      </object_component>
      <object_component id="oc-a3">
         <name>.text</name>
         <load_address>0x218e0</load_address>
         <run_address>0x218e0</run_address>
         <size>0x360</size>
         <input_file_ref idref="fl-6"/>
      </object_component>
      <object_component id="oc-74">
         <name>.text</name>
         <load_address>0x21c40</load_address>
         <run_address>0x21c40</run_address>
         <size>0x320</size>
         <input_file_ref idref="fl-99"/>
      </object_component>
      <object_component id="oc-8f">
         <name>.text:_memcpy</name>
         <load_address>0x21f60</load_address>
         <run_address>0x21f60</run_address>
         <size>0x240</size>
         <input_file_ref idref="fl-91"/>
      </object_component>
      <object_component id="oc-25">
         <name>.text:retain</name>
         <load_address>0x221a0</load_address>
         <run_address>0x221a0</run_address>
         <size>0x200</size>
         <input_file_ref idref="fl-7"/>
      </object_component>
      <object_component id="oc-9a">
         <name>.text:_IRQ_map</name>
         <load_address>0x223a0</load_address>
         <run_address>0x223a0</run_address>
         <size>0x1c0</size>
         <input_file_ref idref="fl-94"/>
      </object_component>
      <object_component id="oc-9f">
         <name>.text:_MCBSP_reset</name>
         <load_address>0x22560</load_address>
         <run_address>0x22560</run_address>
         <size>0x1a0</size>
         <input_file_ref idref="fl-95"/>
      </object_component>
      <object_component id="oc-91">
         <name>.text</name>
         <load_address>0x22700</load_address>
         <run_address>0x22700</run_address>
         <size>0x1a0</size>
         <input_file_ref idref="fl-7"/>
      </object_component>
      <object_component id="oc-7a">
         <name>.text</name>
         <load_address>0x228a0</load_address>
         <run_address>0x228a0</run_address>
         <size>0x160</size>
         <input_file_ref idref="fl-9a"/>
      </object_component>
      <object_component id="oc-a0">
         <name>.text:__strasgi</name>
         <load_address>0x22a00</load_address>
         <run_address>0x22a00</run_address>
         <size>0x140</size>
         <input_file_ref idref="fl-8b"/>
      </object_component>
      <object_component id="oc-8c">
         <name>.text:_MCBSP_open</name>
         <load_address>0x22b40</load_address>
         <run_address>0x22b40</run_address>
         <size>0x100</size>
         <input_file_ref idref="fl-95"/>
      </object_component>
      <object_component id="oc-8d">
         <name>.text:_MCBSP_start</name>
         <load_address>0x22c40</load_address>
         <run_address>0x22c40</run_address>
         <size>0x100</size>
         <input_file_ref idref="fl-95"/>
      </object_component>
      <object_component id="oc-86">
         <name>.text:__auto_init</name>
         <load_address>0x22d40</load_address>
         <run_address>0x22d40</run_address>
         <size>0x100</size>
         <input_file_ref idref="fl-8e"/>
      </object_component>
      <object_component id="oc-8a">
         <name>.text:__strasg</name>
         <load_address>0x22e40</load_address>
         <run_address>0x22e40</run_address>
         <size>0xe0</size>
         <input_file_ref idref="fl-8b"/>
      </object_component>
      <object_component id="oc-88">
         <name>.text:_exit</name>
         <load_address>0x22f20</load_address>
         <run_address>0x22f20</run_address>
         <size>0xe0</size>
         <input_file_ref idref="fl-89"/>
      </object_component>
      <object_component id="oc-8e">
         <name>.text:_copy_in</name>
         <load_address>0x23000</load_address>
         <run_address>0x23000</run_address>
         <size>0xc0</size>
         <input_file_ref idref="fl-90"/>
      </object_component>
      <object_component id="oc-80">
         <name>.text</name>
         <load_address>0x230c0</load_address>
         <run_address>0x230c0</run_address>
         <size>0xc0</size>
         <input_file_ref idref="fl-9b"/>
      </object_component>
      <object_component id="oc-8b">
         <name>.text:_MCBSP_close</name>
         <load_address>0x23180</load_address>
         <run_address>0x23180</run_address>
         <size>0xa0</size>
         <input_file_ref idref="fl-95"/>
      </object_component>
      <object_component id="oc-93">
         <name>.text:_MCBSP_config</name>
         <load_address>0x23220</load_address>
         <run_address>0x23220</run_address>
         <size>0xa0</size>
         <input_file_ref idref="fl-95"/>
      </object_component>
      <object_component id="oc-a4">
         <name>.text:_setMux</name>
         <load_address>0x232c0</load_address>
         <run_address>0x232c0</run_address>
         <size>0xa0</size>
         <input_file_ref idref="fl-94"/>
      </object_component>
      <object_component id="oc-90">
         <name>.text:___TI_cpp_init</name>
         <load_address>0x23360</load_address>
         <run_address>0x23360</run_address>
         <size>0x80</size>
         <input_file_ref idref="fl-8f"/>
      </object_component>
      <object_component id="oc-e">
         <name>.text:_c_int00</name>
         <load_address>0x233e0</load_address>
         <run_address>0x233e0</run_address>
         <size>0x80</size>
         <input_file_ref idref="fl-87"/>
      </object_component>
      <object_component id="oc-70">
         <name>.text</name>
         <load_address>0x23460</load_address>
         <run_address>0x23460</run_address>
         <size>0x80</size>
         <input_file_ref idref="fl-98"/>
      </object_component>
      <object_component id="oc-14">
         <name>.text</name>
         <load_address>0x234e0</load_address>
         <run_address>0x234e0</run_address>
         <size>0x80</size>
         <input_file_ref idref="fl-4"/>
      </object_component>
      <object_component id="oc-9e">
         <name>.text:_IRQ_enable</name>
         <load_address>0x23560</load_address>
         <run_address>0x23560</run_address>
         <size>0x40</size>
         <input_file_ref idref="fl-94"/>
      </object_component>
      <object_component id="oc-9b">
         <name>.text:_IRQ_reset</name>
         <load_address>0x235a0</load_address>
         <run_address>0x235a0</run_address>
         <size>0x40</size>
         <input_file_ref idref="fl-94"/>
      </object_component>
      <object_component id="oc-87">
         <name>.text:__args_main</name>
         <load_address>0x235e0</load_address>
         <run_address>0x235e0</run_address>
         <size>0x40</size>
         <input_file_ref idref="fl-8d"/>
      </object_component>
      <object_component id="oc-f">
         <name>.text</name>
         <load_address>0x23620</load_address>
         <run_address>0x23620</run_address>
         <size>0x20</size>
         <input_file_ref idref="fl-3"/>
      </object_component>
      <object_component id="oc-98">
         <name>.text:_IRQ_globalDisable</name>
         <load_address>0x23640</load_address>
         <run_address>0x23640</run_address>
         <size>0x20</size>
         <input_file_ref idref="fl-94"/>
      </object_component>
      <object_component id="oc-9c">
         <name>.text:_IRQ_globalEnable</name>
         <load_address>0x23660</load_address>
         <run_address>0x23660</run_address>
         <size>0x20</size>
         <input_file_ref idref="fl-94"/>
      </object_component>
      <object_component id="oc-9d">
         <name>.text:_IRQ_nmiEnable</name>
         <load_address>0x23680</load_address>
         <run_address>0x23680</run_address>
         <size>0x20</size>
         <input_file_ref idref="fl-94"/>
      </object_component>
      <object_component id="oc-99">
         <name>.text:_MCBSP_getXmtEventId</name>
         <load_address>0x236a0</load_address>
         <run_address>0x236a0</run_address>
         <size>0x20</size>
         <input_file_ref idref="fl-95"/>
      </object_component>
      <object_component id="oc-97">
         <name>.text:_MCBSP_read</name>
         <load_address>0x236c0</load_address>
         <run_address>0x236c0</run_address>
         <size>0x20</size>
         <input_file_ref idref="fl-95"/>
      </object_component>
      <object_component id="oc-96">
         <name>.text:_MCBSP_rrdy</name>
         <load_address>0x236e0</load_address>
         <run_address>0x236e0</run_address>
         <size>0x20</size>
         <input_file_ref idref="fl-95"/>
      </object_component>
      <object_component id="oc-95">
         <name>.text:_MCBSP_write</name>
         <load_address>0x23700</load_address>
         <run_address>0x23700</run_address>
         <size>0x20</size>
         <input_file_ref idref="fl-95"/>
      </object_component>
      <object_component id="oc-94">
         <name>.text:_MCBSP_xrdy</name>
         <load_address>0x23720</load_address>
         <run_address>0x23720</run_address>
         <size>0x20</size>
         <input_file_ref idref="fl-95"/>
      </object_component>
      <object_component id="oc-92">
         <name>.text:_abort</name>
         <load_address>0x23740</load_address>
         <run_address>0x23740</run_address>
         <size>0x20</size>
         <input_file_ref idref="fl-89"/>
      </object_component>
      <object_component id="oc-5b">
         <name>.text</name>
         <load_address>0x23760</load_address>
         <run_address>0x23760</run_address>
         <size>0x20</size>
         <input_file_ref idref="fl-94"/>
      </object_component>
      <object_component id="oc-23">
         <name>.cinit</name>
         <load_address>0x18468</load_address>
         <run_address>0x18468</run_address>
         <size>0x8054</size>
         <input_file_ref idref="fl-7"/>
      </object_component>
      <object_component id="oc-5c">
         <name>.cinit</name>
         <load_address>0x204c0</load_address>
         <run_address>0x204c0</run_address>
         <size>0x12c</size>
         <input_file_ref idref="fl-94"/>
      </object_component>
      <object_component id="oc-19">
         <name>.cinit</name>
         <load_address>0x205f0</load_address>
         <run_address>0x205f0</run_address>
         <size>0x58</size>
         <input_file_ref idref="fl-5"/>
      </object_component>
      <object_component id="oc-61">
         <name>.cinit</name>
         <load_address>0x20648</load_address>
         <run_address>0x20648</run_address>
         <size>0x54</size>
         <input_file_ref idref="fl-95"/>
      </object_component>
      <object_component id="oc-3c">
         <name>.cinit</name>
         <load_address>0x206a0</load_address>
         <run_address>0x206a0</run_address>
         <size>0x48</size>
         <input_file_ref idref="fl-8a"/>
      </object_component>
      <object_component id="oc-7b">
         <name>.cinit</name>
         <load_address>0x206e8</load_address>
         <run_address>0x206e8</run_address>
         <size>0x30</size>
         <input_file_ref idref="fl-9a"/>
      </object_component>
      <object_component id="oc-37">
         <name>.cinit</name>
         <load_address>0x20718</load_address>
         <run_address>0x20718</run_address>
         <size>0x2c</size>
         <input_file_ref idref="fl-89"/>
      </object_component>
      <object_component id="oc-81">
         <name>.cinit</name>
         <load_address>0x20748</load_address>
         <run_address>0x20748</run_address>
         <size>0x28</size>
         <input_file_ref idref="fl-9b"/>
      </object_component>
      <object_component id="oc-2a">
         <name>.cinit</name>
         <load_address>0x20770</load_address>
         <run_address>0x20770</run_address>
         <size>0xa</size>
         <input_file_ref idref="fl-8"/>
      </object_component>
      <object_component id="oc-30">
         <name>.stack</name>
         <uninitialized>true</uninitialized>
         <run_address>0x23780</run_address>
         <size>0x8</size>
         <input_file_ref idref="fl-87"/>
      </object_component>
      <object_component id="oc-ba">
         <name>.stack</name>
         <uninitialized>true</uninitialized>
         <run_address>0x23780</run_address>
         <size>0x0</size>
      </object_component>
      <object_component id="oc-76">
         <name>.const</name>
         <load_address>0x24780</load_address>
         <run_address>0x24780</run_address>
         <size>0x40</size>
         <input_file_ref idref="fl-99"/>
      </object_component>
      <object_component id="oc-a1">
         <name>.const:_$P$T0$1</name>
         <load_address>0x247c0</load_address>
         <run_address>0x247c0</run_address>
         <size>0x20</size>
         <input_file_ref idref="fl-7"/>
      </object_component>
      <object_component id="oc-6c">
         <name>.const</name>
         <load_address>0x247e0</load_address>
         <run_address>0x247e0</run_address>
         <size>0x20</size>
         <input_file_ref idref="fl-97"/>
      </object_component>
      <object_component id="oc-a2">
         <name>.const:_$P$T1$2</name>
         <load_address>0x24800</load_address>
         <run_address>0x24800</run_address>
         <size>0xc</size>
         <input_file_ref idref="fl-7"/>
      </object_component>
      <object_component id="oc-1a">
         <name>.far</name>
         <uninitialized>true</uninitialized>
         <run_address>0x18334</run_address>
         <size>0x58</size>
         <input_file_ref idref="fl-5"/>
      </object_component>
      <object_component id="oc-24">
         <name>.far</name>
         <uninitialized>true</uninitialized>
         <run_address>0x10228</run_address>
         <size>0x8018</size>
         <input_file_ref idref="fl-7"/>
      </object_component>
      <object_component id="oc-2b">
         <name>.far</name>
         <uninitialized>true</uninitialized>
         <run_address>0x220</run_address>
         <size>0x10002</size>
         <input_file_ref idref="fl-8"/>
      </object_component>
      <object_component id="oc-38">
         <name>.far</name>
         <uninitialized>true</uninitialized>
         <run_address>0x18450</run_address>
         <size>0xc</size>
         <input_file_ref idref="fl-89"/>
      </object_component>
      <object_component id="oc-3d">
         <name>.far</name>
         <uninitialized>true</uninitialized>
         <run_address>0x18390</run_address>
         <size>0x40</size>
         <input_file_ref idref="fl-8a"/>
      </object_component>
      <object_component id="oc-5d">
         <name>.far</name>
         <uninitialized>true</uninitialized>
         <run_address>0x18240</run_address>
         <size>0xf4</size>
         <input_file_ref idref="fl-94"/>
      </object_component>
      <object_component id="oc-62">
         <name>.far</name>
         <uninitialized>true</uninitialized>
         <run_address>0x183d0</run_address>
         <size>0x38</size>
         <input_file_ref idref="fl-95"/>
      </object_component>
      <object_component id="oc-6b">
         <name>.far</name>
         <uninitialized>true</uninitialized>
         <run_address>0x10222</run_address>
         <size>0x2</size>
         <input_file_ref idref="fl-97"/>
      </object_component>
      <object_component id="oc-75">
         <name>.far</name>
         <uninitialized>true</uninitialized>
         <run_address>0x1845c</run_address>
         <size>0x8</size>
         <input_file_ref idref="fl-99"/>
      </object_component>
      <object_component id="oc-7c">
         <name>.far</name>
         <uninitialized>true</uninitialized>
         <run_address>0x18408</run_address>
         <size>0x28</size>
         <input_file_ref idref="fl-9a"/>
      </object_component>
      <object_component id="oc-82">
         <name>.far</name>
         <uninitialized>true</uninitialized>
         <run_address>0x18430</run_address>
         <size>0x20</size>
         <input_file_ref idref="fl-9b"/>
      </object_component>
      <object_component id="oc-11">
         <name>.debug_info</name>
         <load_address>0x0</load_address>
         <run_address>0x0</run_address>
         <size>0x119</size>
         <input_file_ref idref="fl-3"/>
      </object_component>
      <object_component id="oc-15">
         <name>.debug_info</name>
         <load_address>0x119</load_address>
         <run_address>0x119</run_address>
         <size>0xeb</size>
         <input_file_ref idref="fl-4"/>
      </object_component>
      <object_component id="oc-18">
         <name>.debug_info</name>
         <load_address>0x204</load_address>
         <run_address>0x204</run_address>
         <size>0x16cc</size>
         <input_file_ref idref="fl-5"/>
      </object_component>
      <object_component id="oc-1e">
         <name>.debug_info</name>
         <load_address>0x18d0</load_address>
         <run_address>0x18d0</run_address>
         <size>0xa52</size>
         <input_file_ref idref="fl-6"/>
      </object_component>
      <object_component id="oc-22">
         <name>.debug_info</name>
         <load_address>0x2322</load_address>
         <run_address>0x2322</run_address>
         <size>0xb6b</size>
         <input_file_ref idref="fl-7"/>
      </object_component>
      <object_component id="oc-29">
         <name>.debug_info</name>
         <load_address>0x2e8d</load_address>
         <run_address>0x2e8d</run_address>
         <size>0x663</size>
         <input_file_ref idref="fl-8"/>
      </object_component>
      <object_component id="oc-2f">
         <name>.debug_info</name>
         <load_address>0x34f0</load_address>
         <run_address>0x34f0</run_address>
         <size>0x70b</size>
         <input_file_ref idref="fl-87"/>
      </object_component>
      <object_component id="oc-33">
         <name>.debug_info</name>
         <load_address>0x3bfb</load_address>
         <run_address>0x3bfb</run_address>
         <size>0x858</size>
         <input_file_ref idref="fl-88"/>
      </object_component>
      <object_component id="oc-36">
         <name>.debug_info</name>
         <load_address>0x4453</load_address>
         <run_address>0x4453</run_address>
         <size>0x7ff</size>
         <input_file_ref idref="fl-89"/>
      </object_component>
      <object_component id="oc-3b">
         <name>.debug_info</name>
         <load_address>0x4c52</load_address>
         <run_address>0x4c52</run_address>
         <size>0x629</size>
         <input_file_ref idref="fl-8a"/>
      </object_component>
      <object_component id="oc-40">
         <name>.debug_info</name>
         <load_address>0x527b</load_address>
         <run_address>0x527b</run_address>
         <size>0x10c</size>
         <input_file_ref idref="fl-8b"/>
      </object_component>
      <object_component id="oc-43">
         <name>.debug_info</name>
         <load_address>0x5387</load_address>
         <run_address>0x5387</run_address>
         <size>0x5f1</size>
         <input_file_ref idref="fl-8c"/>
      </object_component>
      <object_component id="oc-46">
         <name>.debug_info</name>
         <load_address>0x5978</load_address>
         <run_address>0x5978</run_address>
         <size>0x6e1</size>
         <input_file_ref idref="fl-8d"/>
      </object_component>
      <object_component id="oc-49">
         <name>.debug_info</name>
         <load_address>0x6059</load_address>
         <run_address>0x6059</run_address>
         <size>0x871</size>
         <input_file_ref idref="fl-8e"/>
      </object_component>
      <object_component id="oc-4c">
         <name>.debug_info</name>
         <load_address>0x68ca</load_address>
         <run_address>0x68ca</run_address>
         <size>0x6e9</size>
         <input_file_ref idref="fl-8f"/>
      </object_component>
      <object_component id="oc-4f">
         <name>.debug_info</name>
         <load_address>0x6fb3</load_address>
         <run_address>0x6fb3</run_address>
         <size>0x7df</size>
         <input_file_ref idref="fl-90"/>
      </object_component>
      <object_component id="oc-52">
         <name>.debug_info</name>
         <load_address>0x7792</load_address>
         <run_address>0x7792</run_address>
         <size>0x792</size>
         <input_file_ref idref="fl-91"/>
      </object_component>
      <object_component id="oc-55">
         <name>.debug_info</name>
         <load_address>0x7f24</load_address>
         <run_address>0x7f24</run_address>
         <size>0x61e</size>
         <input_file_ref idref="fl-92"/>
      </object_component>
      <object_component id="oc-58">
         <name>.debug_info</name>
         <load_address>0x8542</load_address>
         <run_address>0x8542</run_address>
         <size>0x5f1</size>
         <input_file_ref idref="fl-93"/>
      </object_component>
      <object_component id="oc-5f">
         <name>.debug_info</name>
         <load_address>0x8b33</load_address>
         <run_address>0x8b33</run_address>
         <size>0xcc5</size>
         <input_file_ref idref="fl-94"/>
      </object_component>
      <object_component id="oc-64">
         <name>.debug_info</name>
         <load_address>0x97f8</load_address>
         <run_address>0x97f8</run_address>
         <size>0xf6e</size>
         <input_file_ref idref="fl-95"/>
      </object_component>
      <object_component id="oc-68">
         <name>.debug_info</name>
         <load_address>0xa766</load_address>
         <run_address>0xa766</run_address>
         <size>0xaf</size>
         <input_file_ref idref="fl-96"/>
      </object_component>
      <object_component id="oc-6e">
         <name>.debug_info</name>
         <load_address>0xa815</load_address>
         <run_address>0xa815</run_address>
         <size>0xa4e</size>
         <input_file_ref idref="fl-97"/>
      </object_component>
      <object_component id="oc-72">
         <name>.debug_info</name>
         <load_address>0xb263</load_address>
         <run_address>0xb263</run_address>
         <size>0x7c9</size>
         <input_file_ref idref="fl-98"/>
      </object_component>
      <object_component id="oc-78">
         <name>.debug_info</name>
         <load_address>0xba2c</load_address>
         <run_address>0xba2c</run_address>
         <size>0xa20</size>
         <input_file_ref idref="fl-99"/>
      </object_component>
      <object_component id="oc-7e">
         <name>.debug_info</name>
         <load_address>0xc44c</load_address>
         <run_address>0xc44c</run_address>
         <size>0xaa0</size>
         <input_file_ref idref="fl-9a"/>
      </object_component>
      <object_component id="oc-84">
         <name>.debug_info</name>
         <load_address>0xceec</load_address>
         <run_address>0xceec</run_address>
         <size>0x723</size>
         <input_file_ref idref="fl-9b"/>
      </object_component>
      <object_component id="oc-bb">
         <name>.debug_info</name>
         <load_address>0xd60f</load_address>
         <run_address>0xd60f</run_address>
         <size>0x6e</size>
      </object_component>
      <object_component id="oc-12">
         <name>.debug_line</name>
         <load_address>0x0</load_address>
         <run_address>0x0</run_address>
         <size>0xd8</size>
         <input_file_ref idref="fl-3"/>
      </object_component>
      <object_component id="oc-16">
         <name>.debug_line</name>
         <load_address>0xd8</load_address>
         <run_address>0xd8</run_address>
         <size>0x68</size>
         <input_file_ref idref="fl-4"/>
      </object_component>
      <object_component id="oc-1c">
         <name>.debug_line</name>
         <load_address>0x140</load_address>
         <run_address>0x140</run_address>
         <size>0x189</size>
         <input_file_ref idref="fl-5"/>
      </object_component>
      <object_component id="oc-20">
         <name>.debug_line</name>
         <load_address>0x2c9</load_address>
         <run_address>0x2c9</run_address>
         <size>0xd7</size>
         <input_file_ref idref="fl-6"/>
      </object_component>
      <object_component id="oc-27">
         <name>.debug_line</name>
         <load_address>0x3a0</load_address>
         <run_address>0x3a0</run_address>
         <size>0xcf</size>
         <input_file_ref idref="fl-7"/>
      </object_component>
      <object_component id="oc-2d">
         <name>.debug_line</name>
         <load_address>0x46f</load_address>
         <run_address>0x46f</run_address>
         <size>0x34</size>
         <input_file_ref idref="fl-8"/>
      </object_component>
      <object_component id="oc-31">
         <name>.debug_line</name>
         <load_address>0x4a3</load_address>
         <run_address>0x4a3</run_address>
         <size>0x3d</size>
         <input_file_ref idref="fl-87"/>
      </object_component>
      <object_component id="oc-34">
         <name>.debug_line</name>
         <load_address>0x4e0</load_address>
         <run_address>0x4e0</run_address>
         <size>0x24</size>
         <input_file_ref idref="fl-88"/>
      </object_component>
      <object_component id="oc-39">
         <name>.debug_line</name>
         <load_address>0x504</load_address>
         <run_address>0x504</run_address>
         <size>0x4f</size>
         <input_file_ref idref="fl-89"/>
      </object_component>
      <object_component id="oc-3e">
         <name>.debug_line</name>
         <load_address>0x553</load_address>
         <run_address>0x553</run_address>
         <size>0x2f</size>
         <input_file_ref idref="fl-8a"/>
      </object_component>
      <object_component id="oc-41">
         <name>.debug_line</name>
         <load_address>0x582</load_address>
         <run_address>0x582</run_address>
         <size>0x6a</size>
         <input_file_ref idref="fl-8b"/>
      </object_component>
      <object_component id="oc-44">
         <name>.debug_line</name>
         <load_address>0x5ec</load_address>
         <run_address>0x5ec</run_address>
         <size>0x25</size>
         <input_file_ref idref="fl-8c"/>
      </object_component>
      <object_component id="oc-47">
         <name>.debug_line</name>
         <load_address>0x611</load_address>
         <run_address>0x611</run_address>
         <size>0x41</size>
         <input_file_ref idref="fl-8d"/>
      </object_component>
      <object_component id="oc-4a">
         <name>.debug_line</name>
         <load_address>0x652</load_address>
         <run_address>0x652</run_address>
         <size>0x47</size>
         <input_file_ref idref="fl-8e"/>
      </object_component>
      <object_component id="oc-4d">
         <name>.debug_line</name>
         <load_address>0x699</load_address>
         <run_address>0x699</run_address>
         <size>0x45</size>
         <input_file_ref idref="fl-8f"/>
      </object_component>
      <object_component id="oc-50">
         <name>.debug_line</name>
         <load_address>0x6de</load_address>
         <run_address>0x6de</run_address>
         <size>0x44</size>
         <input_file_ref idref="fl-90"/>
      </object_component>
      <object_component id="oc-53">
         <name>.debug_line</name>
         <load_address>0x722</load_address>
         <run_address>0x722</run_address>
         <size>0x4e</size>
         <input_file_ref idref="fl-91"/>
      </object_component>
      <object_component id="oc-56">
         <name>.debug_line</name>
         <load_address>0x770</load_address>
         <run_address>0x770</run_address>
         <size>0x24</size>
         <input_file_ref idref="fl-92"/>
      </object_component>
      <object_component id="oc-59">
         <name>.debug_line</name>
         <load_address>0x794</load_address>
         <run_address>0x794</run_address>
         <size>0x25</size>
         <input_file_ref idref="fl-93"/>
      </object_component>
      <object_component id="oc-60">
         <name>.debug_line</name>
         <load_address>0x7b9</load_address>
         <run_address>0x7b9</run_address>
         <size>0x109</size>
         <input_file_ref idref="fl-94"/>
      </object_component>
      <object_component id="oc-65">
         <name>.debug_line</name>
         <load_address>0x8c2</load_address>
         <run_address>0x8c2</run_address>
         <size>0x15c</size>
         <input_file_ref idref="fl-95"/>
      </object_component>
      <object_component id="oc-69">
         <name>.debug_line</name>
         <load_address>0xa1e</load_address>
         <run_address>0xa1e</run_address>
         <size>0x8a</size>
         <input_file_ref idref="fl-96"/>
      </object_component>
      <object_component id="oc-6f">
         <name>.debug_line</name>
         <load_address>0xaa8</load_address>
         <run_address>0xaa8</run_address>
         <size>0xb2</size>
         <input_file_ref idref="fl-97"/>
      </object_component>
      <object_component id="oc-73">
         <name>.debug_line</name>
         <load_address>0xb5a</load_address>
         <run_address>0xb5a</run_address>
         <size>0x4c</size>
         <input_file_ref idref="fl-98"/>
      </object_component>
      <object_component id="oc-79">
         <name>.debug_line</name>
         <load_address>0xba6</load_address>
         <run_address>0xba6</run_address>
         <size>0x4f</size>
         <input_file_ref idref="fl-99"/>
      </object_component>
      <object_component id="oc-7f">
         <name>.debug_line</name>
         <load_address>0xbf5</load_address>
         <run_address>0xbf5</run_address>
         <size>0x7e</size>
         <input_file_ref idref="fl-9a"/>
      </object_component>
      <object_component id="oc-85">
         <name>.debug_line</name>
         <load_address>0xc73</load_address>
         <run_address>0xc73</run_address>
         <size>0x50</size>
         <input_file_ref idref="fl-9b"/>
      </object_component>
      <object_component id="oc-13">
         <name>.debug_abbrev</name>
         <load_address>0x0</load_address>
         <run_address>0x0</run_address>
         <size>0x21</size>
         <input_file_ref idref="fl-3"/>
      </object_component>
      <object_component id="oc-17">
         <name>.debug_abbrev</name>
         <load_address>0x21</load_address>
         <run_address>0x21</run_address>
         <size>0x27</size>
         <input_file_ref idref="fl-4"/>
      </object_component>
      <object_component id="oc-1d">
         <name>.debug_abbrev</name>
         <load_address>0x48</load_address>
         <run_address>0x48</run_address>
         <size>0x18e</size>
         <input_file_ref idref="fl-5"/>
      </object_component>
      <object_component id="oc-21">
         <name>.debug_abbrev</name>
         <load_address>0x1d6</load_address>
         <run_address>0x1d6</run_address>
         <size>0xab</size>
         <input_file_ref idref="fl-6"/>
      </object_component>
      <object_component id="oc-28">
         <name>.debug_abbrev</name>
         <load_address>0x281</load_address>
         <run_address>0x281</run_address>
         <size>0x14c</size>
         <input_file_ref idref="fl-7"/>
      </object_component>
      <object_component id="oc-2e">
         <name>.debug_abbrev</name>
         <load_address>0x3cd</load_address>
         <run_address>0x3cd</run_address>
         <size>0xf8</size>
         <input_file_ref idref="fl-8"/>
      </object_component>
      <object_component id="oc-32">
         <name>.debug_abbrev</name>
         <load_address>0x4c5</load_address>
         <run_address>0x4c5</run_address>
         <size>0xfe</size>
         <input_file_ref idref="fl-87"/>
      </object_component>
      <object_component id="oc-35">
         <name>.debug_abbrev</name>
         <load_address>0x5c3</load_address>
         <run_address>0x5c3</run_address>
         <size>0xe7</size>
         <input_file_ref idref="fl-88"/>
      </object_component>
      <object_component id="oc-3a">
         <name>.debug_abbrev</name>
         <load_address>0x6aa</load_address>
         <run_address>0x6aa</run_address>
         <size>0x119</size>
         <input_file_ref idref="fl-89"/>
      </object_component>
      <object_component id="oc-3f">
         <name>.debug_abbrev</name>
         <load_address>0x7c3</load_address>
         <run_address>0x7c3</run_address>
         <size>0xcc</size>
         <input_file_ref idref="fl-8a"/>
      </object_component>
      <object_component id="oc-42">
         <name>.debug_abbrev</name>
         <load_address>0x88f</load_address>
         <run_address>0x88f</run_address>
         <size>0x3b</size>
         <input_file_ref idref="fl-8b"/>
      </object_component>
      <object_component id="oc-45">
         <name>.debug_abbrev</name>
         <load_address>0x8ca</load_address>
         <run_address>0x8ca</run_address>
         <size>0xaf</size>
         <input_file_ref idref="fl-8c"/>
      </object_component>
      <object_component id="oc-48">
         <name>.debug_abbrev</name>
         <load_address>0x979</load_address>
         <run_address>0x979</run_address>
         <size>0xe1</size>
         <input_file_ref idref="fl-8d"/>
      </object_component>
      <object_component id="oc-4b">
         <name>.debug_abbrev</name>
         <load_address>0xa5a</load_address>
         <run_address>0xa5a</run_address>
         <size>0x13f</size>
         <input_file_ref idref="fl-8e"/>
      </object_component>
      <object_component id="oc-4e">
         <name>.debug_abbrev</name>
         <load_address>0xb99</load_address>
         <run_address>0xb99</run_address>
         <size>0xdd</size>
         <input_file_ref idref="fl-8f"/>
      </object_component>
      <object_component id="oc-51">
         <name>.debug_abbrev</name>
         <load_address>0xc76</load_address>
         <run_address>0xc76</run_address>
         <size>0x10c</size>
         <input_file_ref idref="fl-90"/>
      </object_component>
      <object_component id="oc-54">
         <name>.debug_abbrev</name>
         <load_address>0xd82</load_address>
         <run_address>0xd82</run_address>
         <size>0xd5</size>
         <input_file_ref idref="fl-91"/>
      </object_component>
      <object_component id="oc-57">
         <name>.debug_abbrev</name>
         <load_address>0xe57</load_address>
         <run_address>0xe57</run_address>
         <size>0xa1</size>
         <input_file_ref idref="fl-92"/>
      </object_component>
      <object_component id="oc-5a">
         <name>.debug_abbrev</name>
         <load_address>0xef8</load_address>
         <run_address>0xef8</run_address>
         <size>0xaf</size>
         <input_file_ref idref="fl-93"/>
      </object_component>
      <object_component id="oc-5e">
         <name>.debug_abbrev</name>
         <load_address>0xfa7</load_address>
         <run_address>0xfa7</run_address>
         <size>0x1b7</size>
         <input_file_ref idref="fl-94"/>
      </object_component>
      <object_component id="oc-63">
         <name>.debug_abbrev</name>
         <load_address>0x115e</load_address>
         <run_address>0x115e</run_address>
         <size>0x1a3</size>
         <input_file_ref idref="fl-95"/>
      </object_component>
      <object_component id="oc-67">
         <name>.debug_abbrev</name>
         <load_address>0x1301</load_address>
         <run_address>0x1301</run_address>
         <size>0x1f</size>
         <input_file_ref idref="fl-96"/>
      </object_component>
      <object_component id="oc-6d">
         <name>.debug_abbrev</name>
         <load_address>0x1320</load_address>
         <run_address>0x1320</run_address>
         <size>0x19a</size>
         <input_file_ref idref="fl-97"/>
      </object_component>
      <object_component id="oc-71">
         <name>.debug_abbrev</name>
         <load_address>0x14ba</load_address>
         <run_address>0x14ba</run_address>
         <size>0xd9</size>
         <input_file_ref idref="fl-98"/>
      </object_component>
      <object_component id="oc-77">
         <name>.debug_abbrev</name>
         <load_address>0x1593</load_address>
         <run_address>0x1593</run_address>
         <size>0x12a</size>
         <input_file_ref idref="fl-99"/>
      </object_component>
      <object_component id="oc-7d">
         <name>.debug_abbrev</name>
         <load_address>0x16bd</load_address>
         <run_address>0x16bd</run_address>
         <size>0x152</size>
         <input_file_ref idref="fl-9a"/>
      </object_component>
      <object_component id="oc-83">
         <name>.debug_abbrev</name>
         <load_address>0x180f</load_address>
         <run_address>0x180f</run_address>
         <size>0xf5</size>
         <input_file_ref idref="fl-9b"/>
      </object_component>
      <object_component id="oc-bc">
         <name>.debug_abbrev</name>
         <load_address>0x1904</load_address>
         <run_address>0x1904</run_address>
         <size>0xd</size>
      </object_component>
      <object_component id="oc-1b">
         <name>.debug_frame</name>
         <load_address>0x0</load_address>
         <run_address>0x0</run_address>
         <size>0x36d</size>
         <input_file_ref idref="fl-5"/>
      </object_component>
      <object_component id="oc-1f">
         <name>.debug_frame</name>
         <load_address>0x36d</load_address>
         <run_address>0x36d</run_address>
         <size>0x277</size>
         <input_file_ref idref="fl-6"/>
      </object_component>
      <object_component id="oc-26">
         <name>.debug_frame</name>
         <load_address>0x5e4</load_address>
         <run_address>0x5e4</run_address>
         <size>0x33f</size>
         <input_file_ref idref="fl-7"/>
      </object_component>
      <object_component id="oc-2c">
         <name>.debug_frame</name>
         <load_address>0x923</load_address>
         <run_address>0x923</run_address>
         <size>0x23f</size>
         <input_file_ref idref="fl-8"/>
      </object_component>
   </object_component_list>
   <logical_group_list>
      <logical_group id="lg-2">
         <name>.EXT_RAM</name>
         <run_address>0x0</run_address>
         <size>0x0</size>
         <contents>
         </contents>
      </logical_group>
      <logical_group id="lg-3">
         <name>.vectors</name>
         <load_address>0x0</load_address>
         <run_address>0x0</run_address>
         <size>0x200</size>
         <contents>
            <object_component_ref idref="oc-10"/>
         </contents>
      </logical_group>
      <logical_group id="lg-4">
         <name>.text</name>
         <load_address>0x207a0</load_address>
         <run_address>0x207a0</run_address>
         <size>0x2fe0</size>
         <contents>
            <object_component_ref idref="oc-89"/>
            <object_component_ref idref="oc-66"/>
            <object_component_ref idref="oc-6a"/>
            <object_component_ref idref="oc-a3"/>
            <object_component_ref idref="oc-74"/>
            <object_component_ref idref="oc-8f"/>
            <object_component_ref idref="oc-25"/>
            <object_component_ref idref="oc-9a"/>
            <object_component_ref idref="oc-9f"/>
            <object_component_ref idref="oc-91"/>
            <object_component_ref idref="oc-7a"/>
            <object_component_ref idref="oc-a0"/>
            <object_component_ref idref="oc-8c"/>
            <object_component_ref idref="oc-8d"/>
            <object_component_ref idref="oc-86"/>
            <object_component_ref idref="oc-8a"/>
            <object_component_ref idref="oc-88"/>
            <object_component_ref idref="oc-8e"/>
            <object_component_ref idref="oc-80"/>
            <object_component_ref idref="oc-8b"/>
            <object_component_ref idref="oc-93"/>
            <object_component_ref idref="oc-a4"/>
            <object_component_ref idref="oc-90"/>
            <object_component_ref idref="oc-e"/>
            <object_component_ref idref="oc-70"/>
            <object_component_ref idref="oc-14"/>
            <object_component_ref idref="oc-9e"/>
            <object_component_ref idref="oc-9b"/>
            <object_component_ref idref="oc-87"/>
            <object_component_ref idref="oc-f"/>
            <object_component_ref idref="oc-98"/>
            <object_component_ref idref="oc-9c"/>
            <object_component_ref idref="oc-9d"/>
            <object_component_ref idref="oc-99"/>
            <object_component_ref idref="oc-97"/>
            <object_component_ref idref="oc-96"/>
            <object_component_ref idref="oc-95"/>
            <object_component_ref idref="oc-94"/>
            <object_component_ref idref="oc-92"/>
            <object_component_ref idref="oc-5b"/>
         </contents>
      </logical_group>
      <logical_group id="lg-5">
         <name>.bss</name>
         <run_address>0x220</run_address>
         <size>0x0</size>
         <contents>
         </contents>
      </logical_group>
      <logical_group id="lg-6">
         <name>.cinit</name>
         <load_address>0x18468</load_address>
         <run_address>0x18468</run_address>
         <size>0x831c</size>
         <contents>
            <object_component_ref idref="oc-23"/>
            <object_component_ref idref="oc-5c"/>
            <object_component_ref idref="oc-19"/>
            <object_component_ref idref="oc-61"/>
            <object_component_ref idref="oc-3c"/>
            <object_component_ref idref="oc-7b"/>
            <object_component_ref idref="oc-37"/>
            <object_component_ref idref="oc-81"/>
            <object_component_ref idref="oc-2a"/>
         </contents>
      </logical_group>
      <logical_group id="lg-7">
         <name>.stack</name>
         <run_address>0x23780</run_address>
         <size>0x1000</size>
         <contents>
            <object_component_ref idref="oc-30"/>
            <object_component_ref idref="oc-ba"/>
         </contents>
      </logical_group>
      <logical_group id="lg-8">
         <name>.sysmem</name>
         <run_address>0x0</run_address>
         <size>0x0</size>
         <contents>
         </contents>
      </logical_group>
      <logical_group id="lg-9">
         <name>.const</name>
         <load_address>0x24780</load_address>
         <run_address>0x24780</run_address>
         <size>0x8c</size>
         <contents>
            <object_component_ref idref="oc-76"/>
            <object_component_ref idref="oc-a1"/>
            <object_component_ref idref="oc-6c"/>
            <object_component_ref idref="oc-a2"/>
         </contents>
      </logical_group>
      <logical_group id="lg-a">
         <name>.switch</name>
         <run_address>0x0</run_address>
         <size>0x0</size>
         <contents>
         </contents>
      </logical_group>
      <logical_group id="lg-b">
         <name>.far</name>
         <run_address>0x220</run_address>
         <size>0x18244</size>
         <contents>
            <object_component_ref idref="oc-1a"/>
            <object_component_ref idref="oc-24"/>
            <object_component_ref idref="oc-2b"/>
            <object_component_ref idref="oc-38"/>
            <object_component_ref idref="oc-3d"/>
            <object_component_ref idref="oc-5d"/>
            <object_component_ref idref="oc-62"/>
            <object_component_ref idref="oc-6b"/>
            <object_component_ref idref="oc-75"/>
            <object_component_ref idref="oc-7c"/>
            <object_component_ref idref="oc-82"/>
         </contents>
      </logical_group>
      <logical_group id="lg-c">
         <name>.cio</name>
         <run_address>0x0</run_address>
         <size>0x0</size>
         <contents>
         </contents>
      </logical_group>
      <logical_group id="lg-d">
         <name>.csldata</name>
         <run_address>0x0</run_address>
         <size>0x0</size>
         <contents>
         </contents>
      </logical_group>
      <logical_group id="lg-b1">
         <name>.debug_info</name>
         <load_address>0x0</load_address>
         <run_address>0x0</run_address>
         <size>0xd67d</size>
         <contents>
            <object_component_ref idref="oc-11"/>
            <object_component_ref idref="oc-15"/>
            <object_component_ref idref="oc-18"/>
            <object_component_ref idref="oc-1e"/>
            <object_component_ref idref="oc-22"/>
            <object_component_ref idref="oc-29"/>
            <object_component_ref idref="oc-2f"/>
            <object_component_ref idref="oc-33"/>
            <object_component_ref idref="oc-36"/>
            <object_component_ref idref="oc-3b"/>
            <object_component_ref idref="oc-40"/>
            <object_component_ref idref="oc-43"/>
            <object_component_ref idref="oc-46"/>
            <object_component_ref idref="oc-49"/>
            <object_component_ref idref="oc-4c"/>
            <object_component_ref idref="oc-4f"/>
            <object_component_ref idref="oc-52"/>
            <object_component_ref idref="oc-55"/>
            <object_component_ref idref="oc-58"/>
            <object_component_ref idref="oc-5f"/>
            <object_component_ref idref="oc-64"/>
            <object_component_ref idref="oc-68"/>
            <object_component_ref idref="oc-6e"/>
            <object_component_ref idref="oc-72"/>
            <object_component_ref idref="oc-78"/>
            <object_component_ref idref="oc-7e"/>
            <object_component_ref idref="oc-84"/>
            <object_component_ref idref="oc-bb"/>
         </contents>
      </logical_group>
      <logical_group id="lg-b3">
         <name>.debug_line</name>
         <load_address>0x0</load_address>
         <run_address>0x0</run_address>
         <size>0xcc3</size>
         <contents>
            <object_component_ref idref="oc-12"/>
            <object_component_ref idref="oc-16"/>
            <object_component_ref idref="oc-1c"/>
            <object_component_ref idref="oc-20"/>
            <object_component_ref idref="oc-27"/>
            <object_component_ref idref="oc-2d"/>
            <object_component_ref idref="oc-31"/>
            <object_component_ref idref="oc-34"/>
            <object_component_ref idref="oc-39"/>
            <object_component_ref idref="oc-3e"/>
            <object_component_ref idref="oc-41"/>
            <object_component_ref idref="oc-44"/>
            <object_component_ref idref="oc-47"/>
            <object_component_ref idref="oc-4a"/>
            <object_component_ref idref="oc-4d"/>
            <object_component_ref idref="oc-50"/>
            <object_component_ref idref="oc-53"/>
            <object_component_ref idref="oc-56"/>
            <object_component_ref idref="oc-59"/>
            <object_component_ref idref="oc-60"/>
            <object_component_ref idref="oc-65"/>
            <object_component_ref idref="oc-69"/>
            <object_component_ref idref="oc-6f"/>
            <object_component_ref idref="oc-73"/>
            <object_component_ref idref="oc-79"/>
            <object_component_ref idref="oc-7f"/>
            <object_component_ref idref="oc-85"/>
         </contents>
      </logical_group>
      <logical_group id="lg-b5">
         <name>.debug_abbrev</name>
         <load_address>0x0</load_address>
         <run_address>0x0</run_address>
         <size>0x1911</size>
         <contents>
            <object_component_ref idref="oc-13"/>
            <object_component_ref idref="oc-17"/>
            <object_component_ref idref="oc-1d"/>
            <object_component_ref idref="oc-21"/>
            <object_component_ref idref="oc-28"/>
            <object_component_ref idref="oc-2e"/>
            <object_component_ref idref="oc-32"/>
            <object_component_ref idref="oc-35"/>
            <object_component_ref idref="oc-3a"/>
            <object_component_ref idref="oc-3f"/>
            <object_component_ref idref="oc-42"/>
            <object_component_ref idref="oc-45"/>
            <object_component_ref idref="oc-48"/>
            <object_component_ref idref="oc-4b"/>
            <object_component_ref idref="oc-4e"/>
            <object_component_ref idref="oc-51"/>
            <object_component_ref idref="oc-54"/>
            <object_component_ref idref="oc-57"/>
            <object_component_ref idref="oc-5a"/>
            <object_component_ref idref="oc-5e"/>
            <object_component_ref idref="oc-63"/>
            <object_component_ref idref="oc-67"/>
            <object_component_ref idref="oc-6d"/>
            <object_component_ref idref="oc-71"/>
            <object_component_ref idref="oc-77"/>
            <object_component_ref idref="oc-7d"/>
            <object_component_ref idref="oc-83"/>
            <object_component_ref idref="oc-bc"/>
         </contents>
      </logical_group>
      <logical_group id="lg-b7">
         <name>.debug_frame</name>
         <load_address>0x0</load_address>
         <run_address>0x0</run_address>
         <size>0xb62</size>
         <contents>
            <object_component_ref idref="oc-1b"/>
            <object_component_ref idref="oc-1f"/>
            <object_component_ref idref="oc-26"/>
            <object_component_ref idref="oc-2c"/>
         </contents>
      </logical_group>
   </logical_group_list>
   <placement_map>
      <memory_area>
         <name>IVECS</name>
         <page_id>0x0</page_id>
         <origin>0x0</origin>
         <length>0x220</length>
         <used_space>0x200</used_space>
         <unused_space>0x20</unused_space>
         <attributes>RWIX</attributes>
         <usage_details>
            <allocated_space>
               <start_address>0x0</start_address>
               <size>0x200</size>
               <logical_group_ref idref="lg-3"/>
            </allocated_space>
            <available_space>
               <start_address>0x200</start_address>
               <size>0x20</size>
            </available_space>
         </usage_details>
      </memory_area>
      <memory_area>
         <name>IRAM</name>
         <page_id>0x0</page_id>
         <origin>0x220</origin>
         <length>0x2fde0</length>
         <used_space>0x245cc</used_space>
         <unused_space>0xb814</unused_space>
         <attributes>RWIX</attributes>
         <usage_details>
            <allocated_space>
               <start_address>0x220</start_address>
               <size>0x0</size>
               <logical_group_ref idref="lg-5"/>
            </allocated_space>
            <allocated_space>
               <start_address>0x220</start_address>
               <size>0x18244</size>
               <logical_group_ref idref="lg-b"/>
            </allocated_space>
            <available_space>
               <start_address>0x18464</start_address>
               <size>0x4</size>
            </available_space>
            <allocated_space>
               <start_address>0x18468</start_address>
               <size>0x831c</size>
               <logical_group_ref idref="lg-6"/>
            </allocated_space>
            <available_space>
               <start_address>0x20784</start_address>
               <size>0x1c</size>
            </available_space>
            <allocated_space>
               <start_address>0x207a0</start_address>
               <size>0x2fe0</size>
               <logical_group_ref idref="lg-4"/>
            </allocated_space>
            <allocated_space>
               <start_address>0x23780</start_address>
               <size>0x1000</size>
               <logical_group_ref idref="lg-7"/>
            </allocated_space>
            <allocated_space>
               <start_address>0x24780</start_address>
               <size>0x8c</size>
               <logical_group_ref idref="lg-9"/>
            </allocated_space>
            <available_space>
               <start_address>0x2480c</start_address>
               <size>0xb7f4</size>
            </available_space>
         </usage_details>
      </memory_area>
      <memory_area>
         <name>SDRAM</name>
         <page_id>0x0</page_id>
         <origin>0x80000000</origin>
         <length>0x1000000</length>
         <used_space>0x0</used_space>
         <unused_space>0x1000000</unused_space>
         <attributes>RWIX</attributes>
         <usage_details>
         </usage_details>
      </memory_area>
      <memory_area>
         <name>FLASH</name>
         <page_id>0x0</page_id>
         <origin>0x90000000</origin>
         <length>0x20000</length>
         <used_space>0x0</used_space>
         <unused_space>0x20000</unused_space>
         <attributes>RWIX</attributes>
         <usage_details>
         </usage_details>
      </memory_area>
   </placement_map>
   <symbol_table>
      <symbol id="sm-0">
         <name>cinit</name>
         <value>0x18468</value>
      </symbol>
      <symbol id="sm-1">
         <name>___cinit__</name>
         <value>0x18468</value>
      </symbol>
      <symbol id="sm-2">
         <name>pinit</name>
         <value>0xffffffff</value>
      </symbol>
      <symbol id="sm-3">
         <name>___pinit__</name>
         <value>0xffffffff</value>
      </symbol>
      <symbol id="sm-4">
         <name>binit</name>
         <value>0xffffffff</value>
      </symbol>
      <symbol id="sm-5">
         <name>___binit__</name>
         <value>0xffffffff</value>
      </symbol>
      <symbol id="sm-6">
         <name>__STACK_SIZE</name>
         <value>0x1000</value>
      </symbol>
      <symbol id="sm-7">
         <name>__STACK_END</name>
         <value>0x24780</value>
      </symbol>
      <symbol id="sm-8">
         <name>___c_args__</name>
         <value>0xffffffff</value>
      </symbol>
      <symbol id="sm-9">
         <name>.text</name>
         <value>0x207a0</value>
      </symbol>
      <symbol id="sm-a">
         <name>___text__</name>
         <value>0x207a0</value>
      </symbol>
      <symbol id="sm-b">
         <name>etext</name>
         <value>0x23780</value>
      </symbol>
      <symbol id="sm-c">
         <name>___etext__</name>
         <value>0x23780</value>
      </symbol>
      <symbol id="sm-d">
         <name>.bss</name>
         <value>0x220</value>
      </symbol>
      <symbol id="sm-e">
         <name>___bss__</name>
         <value>0x220</value>
      </symbol>
      <symbol id="sm-f">
         <name>end</name>
         <value>0x220</value>
      </symbol>
      <symbol id="sm-10">
         <name>___end__</name>
         <value>0x220</value>
      </symbol>
      <symbol id="sm-11">
         <name>___TI_pprof_out_hndl</name>
         <value>0xffffffff</value>
      </symbol>
      <symbol id="sm-12">
         <name>___TI_prof_data_start</name>
         <value>0xffffffff</value>
      </symbol>
      <symbol id="sm-13">
         <name>___TI_prof_data_size</name>
         <value>0xffffffff</value>
      </symbol>
      <symbol id="sm-14">
         <name>$bss</name>
         <value>0x220</value>
      </symbol>
      <symbol id="sm-45">
         <name>_vector10</name>
         <value>0x140</value>
         <object_component_ref idref="oc-10"/>
      </symbol>
      <symbol id="sm-46">
         <name>_vector12</name>
         <value>0x180</value>
         <object_component_ref idref="oc-10"/>
      </symbol>
      <symbol id="sm-47">
         <name>_vector13</name>
         <value>0x1a0</value>
         <object_component_ref idref="oc-10"/>
      </symbol>
      <symbol id="sm-48">
         <name>_vectors</name>
         <value>0x0</value>
         <object_component_ref idref="oc-10"/>
      </symbol>
      <symbol id="sm-49">
         <name>_vector1</name>
         <value>0x20</value>
         <object_component_ref idref="oc-10"/>
      </symbol>
      <symbol id="sm-4a">
         <name>_vector3</name>
         <value>0x60</value>
         <object_component_ref idref="oc-10"/>
      </symbol>
      <symbol id="sm-4b">
         <name>_vector2</name>
         <value>0x40</value>
         <object_component_ref idref="oc-10"/>
      </symbol>
      <symbol id="sm-4c">
         <name>_vector5</name>
         <value>0xa0</value>
         <object_component_ref idref="oc-10"/>
      </symbol>
      <symbol id="sm-4d">
         <name>_vector7</name>
         <value>0xe0</value>
         <object_component_ref idref="oc-10"/>
      </symbol>
      <symbol id="sm-4e">
         <name>_vector6</name>
         <value>0xc0</value>
         <object_component_ref idref="oc-10"/>
      </symbol>
      <symbol id="sm-4f">
         <name>_vector9</name>
         <value>0x120</value>
         <object_component_ref idref="oc-10"/>
      </symbol>
      <symbol id="sm-50">
         <name>_vector8</name>
         <value>0x100</value>
         <object_component_ref idref="oc-10"/>
      </symbol>
      <symbol id="sm-58">
         <name>_enableInterrupts</name>
         <value>0x234e0</value>
         <object_component_ref idref="oc-14"/>
      </symbol>
      <symbol id="sm-a2">
         <name>_comm_poll</name>
         <value>0x207a0</value>
         <object_component_ref idref="oc-89"/>
      </symbol>
      <symbol id="sm-a3">
         <name>_output_left_sample</name>
         <value>0x209ec</value>
         <object_component_ref idref="oc-89"/>
      </symbol>
      <symbol id="sm-a4">
         <name>_comm_intr</name>
         <value>0x20e40</value>
         <object_component_ref idref="oc-89"/>
      </symbol>
      <symbol id="sm-a5">
         <name>_input_left_sample</name>
         <value>0x20cb0</value>
         <object_component_ref idref="oc-89"/>
      </symbol>
      <symbol id="sm-a6">
         <name>_output_sample</name>
         <value>0x208d0</value>
         <object_component_ref idref="oc-89"/>
      </symbol>
      <symbol id="sm-a7">
         <name>_CODEC_stop</name>
         <value>0x208a0</value>
         <object_component_ref idref="oc-89"/>
      </symbol>
      <symbol id="sm-a8">
         <name>_CODEC_start</name>
         <value>0x207d4</value>
         <object_component_ref idref="oc-89"/>
      </symbol>
      <symbol id="sm-a9">
         <name>_config</name>
         <value>0x18340</value>
         <object_component_ref idref="oc-1a"/>
      </symbol>
      <symbol id="sm-aa">
         <name>_input_right_sample</name>
         <value>0x20d78</value>
         <object_component_ref idref="oc-89"/>
      </symbol>
      <symbol id="sm-ab">
         <name>_AIC_data</name>
         <value>0x1833c</value>
         <object_component_ref idref="oc-1a"/>
      </symbol>
      <symbol id="sm-ac">
         <name>_hAIC23_handle</name>
         <value>0x18388</value>
         <object_component_ref idref="oc-1a"/>
      </symbol>
      <symbol id="sm-ad">
         <name>_AIC23CfgData</name>
         <value>0x18368</value>
         <object_component_ref idref="oc-1a"/>
      </symbol>
      <symbol id="sm-ae">
         <name>_input_sample</name>
         <value>0x20bac</value>
         <object_component_ref idref="oc-89"/>
      </symbol>
      <symbol id="sm-af">
         <name>_output_right_sample</name>
         <value>0x20acc</value>
         <object_component_ref idref="oc-89"/>
      </symbol>
      <symbol id="sm-dc">
         <name>_Corrx_c</name>
         <value>0x21ad4</value>
         <object_component_ref idref="oc-a3"/>
      </symbol>
      <symbol id="sm-dd">
         <name>_zero_P</name>
         <value>0x218e0</value>
         <object_component_ref idref="oc-a3"/>
      </symbol>
      <symbol id="sm-104">
         <name>_Demo_Corr</name>
         <value>0x2274c</value>
         <object_component_ref idref="oc-91"/>
      </symbol>
      <symbol id="sm-105">
         <name>_main</name>
         <value>0x22700</value>
         <object_component_ref idref="oc-91"/>
      </symbol>
      <symbol id="sm-106">
         <name>_inputsource</name>
         <value>0x18234</value>
         <object_component_ref idref="oc-24"/>
      </symbol>
      <symbol id="sm-107">
         <name>_c_int11</name>
         <value>0x221a0</value>
         <object_component_ref idref="oc-25"/>
      </symbol>
      <symbol id="sm-108">
         <name>_c_int15</name>
         <value>0x222e8</value>
         <object_component_ref idref="oc-25"/>
      </symbol>
      <symbol id="sm-109">
         <name>_configAndStartTimer1</name>
         <value>0x2282c</value>
         <object_component_ref idref="oc-91"/>
      </symbol>
      <symbol id="sm-10a">
         <name>_fs</name>
         <value>0x18230</value>
         <object_component_ref idref="oc-24"/>
      </symbol>
      <symbol id="sm-10b">
         <name>_Timer1sec</name>
         <value>0x10228</value>
         <object_component_ref idref="oc-24"/>
      </symbol>
      <symbol id="sm-10c">
         <name>_w</name>
         <value>0x10230</value>
         <object_component_ref idref="oc-24"/>
      </symbol>
      <symbol id="sm-118">
         <name>_c</name>
         <value>0x10220</value>
         <object_component_ref idref="oc-2b"/>
      </symbol>
      <symbol id="sm-119">
         <name>_a</name>
         <value>0x220</value>
         <object_component_ref idref="oc-2b"/>
      </symbol>
      <symbol id="sm-125">
         <name>_c_int00</name>
         <value>0x233e0</value>
         <object_component_ref idref="oc-e"/>
      </symbol>
      <symbol id="sm-126">
         <name>__stack</name>
         <value>0x23780</value>
         <object_component_ref idref="oc-30"/>
      </symbol>
      <symbol id="sm-13d">
         <name>C$$EXIT</name>
         <value>0x23740</value>
         <object_component_ref idref="oc-92"/>
      </symbol>
      <symbol id="sm-13e">
         <name>_exit</name>
         <value>0x22f20</value>
         <object_component_ref idref="oc-88"/>
      </symbol>
      <symbol id="sm-13f">
         <name>___TI_enable_exit_profile_output</name>
         <value>0x18458</value>
         <object_component_ref idref="oc-38"/>
      </symbol>
      <symbol id="sm-140">
         <name>_abort</name>
         <value>0x23740</value>
         <object_component_ref idref="oc-92"/>
      </symbol>
      <symbol id="sm-141">
         <name>__cleanup_ptr</name>
         <value>0x18450</value>
         <object_component_ref idref="oc-38"/>
      </symbol>
      <symbol id="sm-142">
         <name>__dtors_ptr</name>
         <value>0x18454</value>
         <object_component_ref idref="oc-38"/>
      </symbol>
      <symbol id="sm-157">
         <name>__c6xabi_strasgi</name>
         <value>0x22a00</value>
         <object_component_ref idref="oc-a0"/>
      </symbol>
      <symbol id="sm-158">
         <name>__strasg</name>
         <value>0x22e40</value>
         <object_component_ref idref="oc-8a"/>
      </symbol>
      <symbol id="sm-159">
         <name>__strasgi</name>
         <value>0x22a00</value>
         <object_component_ref idref="oc-a0"/>
      </symbol>
      <symbol id="sm-16a">
         <name>__args_main</name>
         <value>0x235e0</value>
         <object_component_ref idref="oc-87"/>
      </symbol>
      <symbol id="sm-16b">
         <name>__TI_args_main</name>
         <value>0x1</value>
      </symbol>
      <symbol id="sm-175">
         <name>__auto_init</name>
         <value>0x22d40</value>
         <object_component_ref idref="oc-86"/>
      </symbol>
      <symbol id="sm-17f">
         <name>___TI_cpp_init</name>
         <value>0x23360</value>
         <object_component_ref idref="oc-90"/>
      </symbol>
      <symbol id="sm-189">
         <name>_copy_in</name>
         <value>0x23000</value>
         <object_component_ref idref="oc-8e"/>
      </symbol>
      <symbol id="sm-193">
         <name>_memcpy</name>
         <value>0x21f60</value>
         <object_component_ref idref="oc-8f"/>
      </symbol>
      <symbol id="sm-1bd">
         <name>__IRQ_eventTable</name>
         <value>0x18268</value>
         <object_component_ref idref="oc-5d"/>
      </symbol>
      <symbol id="sm-1be">
         <name>_IRQ_nmiEnable</name>
         <value>0x23680</value>
         <object_component_ref idref="oc-9d"/>
      </symbol>
      <symbol id="sm-1bf">
         <name>_IRQ_reset</name>
         <value>0x235a0</value>
         <object_component_ref idref="oc-9b"/>
      </symbol>
      <symbol id="sm-1c0">
         <name>__IRQ_intTable</name>
         <value>0x182ec</value>
         <object_component_ref idref="oc-5d"/>
      </symbol>
      <symbol id="sm-1c1">
         <name>_IRQ_globalEnable</name>
         <value>0x23660</value>
         <object_component_ref idref="oc-9c"/>
      </symbol>
      <symbol id="sm-1c2">
         <name>_IRQ_globalDisable</name>
         <value>0x23640</value>
         <object_component_ref idref="oc-98"/>
      </symbol>
      <symbol id="sm-1c3">
         <name>_IRQ_map</name>
         <value>0x223a0</value>
         <object_component_ref idref="oc-9a"/>
      </symbol>
      <symbol id="sm-1c4">
         <name>_IRQ_enable</name>
         <value>0x23560</value>
         <object_component_ref idref="oc-9e"/>
      </symbol>
      <symbol id="sm-1c5">
         <name>__IRQ_dispatchTable</name>
         <value>0x1832c</value>
         <object_component_ref idref="oc-5d"/>
      </symbol>
      <symbol id="sm-1c6">
         <name>__IRQ_hookFetchPacket</name>
         <value>0x23760</value>
         <object_component_ref idref="oc-5b"/>
      </symbol>
      <symbol id="sm-1e6">
         <name>_MCBSP_reset</name>
         <value>0x22560</value>
         <object_component_ref idref="oc-9f"/>
      </symbol>
      <symbol id="sm-1e7">
         <name>_MCBSP_read</name>
         <value>0x236c0</value>
         <object_component_ref idref="oc-97"/>
      </symbol>
      <symbol id="sm-1e8">
         <name>_MCBSP_close</name>
         <value>0x23180</value>
         <object_component_ref idref="oc-8b"/>
      </symbol>
      <symbol id="sm-1e9">
         <name>_MCBSP_getXmtEventId</name>
         <value>0x236a0</value>
         <object_component_ref idref="oc-99"/>
      </symbol>
      <symbol id="sm-1ea">
         <name>_MCBSP_open</name>
         <value>0x22b40</value>
         <object_component_ref idref="oc-8c"/>
      </symbol>
      <symbol id="sm-1eb">
         <name>__MCBSP_hDev0</name>
         <value>0x18400</value>
         <object_component_ref idref="oc-62"/>
      </symbol>
      <symbol id="sm-1ec">
         <name>__MCBSP_hDev1</name>
         <value>0x18404</value>
         <object_component_ref idref="oc-62"/>
      </symbol>
      <symbol id="sm-1ed">
         <name>_MCBSP_start</name>
         <value>0x22c40</value>
         <object_component_ref idref="oc-8d"/>
      </symbol>
      <symbol id="sm-1ee">
         <name>_MCBSP_rrdy</name>
         <value>0x236e0</value>
         <object_component_ref idref="oc-96"/>
      </symbol>
      <symbol id="sm-1ef">
         <name>_MCBSP_config</name>
         <value>0x23220</value>
         <object_component_ref idref="oc-93"/>
      </symbol>
      <symbol id="sm-1f0">
         <name>_MCBSP_xrdy</name>
         <value>0x23720</value>
         <object_component_ref idref="oc-94"/>
      </symbol>
      <symbol id="sm-1f1">
         <name>_MCBSP_write</name>
         <value>0x23700</value>
         <object_component_ref idref="oc-95"/>
      </symbol>
      <symbol id="sm-1fb">
         <name>_DSPF_sp_cfftr2_dit</name>
         <value>0x20f80</value>
         <object_component_ref idref="oc-66"/>
      </symbol>
      <symbol id="sm-209">
         <name>_DSK6713_init</name>
         <value>0x214ac</value>
         <object_component_ref idref="oc-6a"/>
      </symbol>
      <symbol id="sm-20a">
         <name>_DSK6713_version</name>
         <value>0x10222</value>
         <object_component_ref idref="oc-6b"/>
      </symbol>
      <symbol id="sm-20b">
         <name>_DSK6713_rget</name>
         <value>0x217c8</value>
         <object_component_ref idref="oc-6a"/>
      </symbol>
      <symbol id="sm-20c">
         <name>_DSK6713_wait</name>
         <value>0x217f0</value>
         <object_component_ref idref="oc-6a"/>
      </symbol>
      <symbol id="sm-20d">
         <name>_DSK6713_rset</name>
         <value>0x217dc</value>
         <object_component_ref idref="oc-6a"/>
      </symbol>
      <symbol id="sm-20e">
         <name>_DSK6713_waitusec</name>
         <value>0x21848</value>
         <object_component_ref idref="oc-6a"/>
      </symbol>
      <symbol id="sm-20f">
         <name>_DSK6713_getVersion</name>
         <value>0x21874</value>
         <object_component_ref idref="oc-6a"/>
      </symbol>
      <symbol id="sm-219">
         <name>_DSK6713_AIC23_closeCodec</name>
         <value>0x23460</value>
         <object_component_ref idref="oc-70"/>
      </symbol>
      <symbol id="sm-227">
         <name>_DSK6713_AIC23_codeccontrolhandle</name>
         <value>0x1845c</value>
         <object_component_ref idref="oc-75"/>
      </symbol>
      <symbol id="sm-228">
         <name>_DSK6713_AIC23_codecdatahandle</name>
         <value>0x18460</value>
         <object_component_ref idref="oc-75"/>
      </symbol>
      <symbol id="sm-229">
         <name>_DSK6713_AIC23_openCodec</name>
         <value>0x21c40</value>
         <object_component_ref idref="oc-74"/>
      </symbol>
      <symbol id="sm-237">
         <name>_DSK6713_AIC23_config</name>
         <value>0x22960</value>
         <object_component_ref idref="oc-7a"/>
      </symbol>
      <symbol id="sm-238">
         <name>_DSK6713_AIC23_rget</name>
         <value>0x2293c</value>
         <object_component_ref idref="oc-7a"/>
      </symbol>
      <symbol id="sm-239">
         <name>_DSK6713_AIC23_rset</name>
         <value>0x228a0</value>
         <object_component_ref idref="oc-7a"/>
      </symbol>
      <symbol id="sm-247">
         <name>_DSK6713_AIC23_setFreq</name>
         <value>0x230c0</value>
         <object_component_ref idref="oc-80"/>
      </symbol>
   </symbol_table>
</link_info>
