<?xml version="1.0"?>
<link_info>
   <banner>TMS320C6x Linker PC v7.4.20</banner>
   <copyright>Copyright (c) 1996-2015 Texas Instruments Incorporated</copyright>
   <link_time>0x5890d4d4</link_time>
   <output_file>APP2.out</output_file>
   <entry_point>
      <name>_c_int00</name>
      <address>0x1780</address>
   </entry_point>
   <input_file_list>
      <input_file id="fl-2">
         <path>.\source\asm\</path>
         <kind>object</kind>
         <file>Soustraction.obj</file>
         <name>Soustraction.obj</name>
      </input_file>
      <input_file id="fl-3">
         <path>.\source\c\</path>
         <kind>object</kind>
         <file>main.obj</file>
         <name>main.obj</name>
      </input_file>
      <input_file id="fl-81">
         <path>C:\ti\ccsv7\tools\compiler\c6000_7.4.20\lib\</path>
         <kind>archive</kind>
         <file>rts6700.lib</file>
         <name>boot.obj</name>
      </input_file>
      <input_file id="fl-82">
         <path>C:\ti\ccsv7\tools\compiler\c6000_7.4.20\lib\</path>
         <kind>archive</kind>
         <file>rts6700.lib</file>
         <name>exit.obj</name>
      </input_file>
      <input_file id="fl-83">
         <path>C:\ti\ccsv7\tools\compiler\c6000_7.4.20\lib\</path>
         <kind>archive</kind>
         <file>rts6700.lib</file>
         <name>args_main.obj</name>
      </input_file>
      <input_file id="fl-84">
         <path>C:\ti\ccsv7\tools\compiler\c6000_7.4.20\lib\</path>
         <kind>archive</kind>
         <file>rts6700.lib</file>
         <name>autoinit.obj</name>
      </input_file>
      <input_file id="fl-85">
         <path>C:\ti\ccsv7\tools\compiler\c6000_7.4.20\lib\</path>
         <kind>archive</kind>
         <file>rts6700.lib</file>
         <name>cpp_init.obj</name>
      </input_file>
      <input_file id="fl-86">
         <path>C:\ti\ccsv7\tools\compiler\c6000_7.4.20\lib\</path>
         <kind>archive</kind>
         <file>rts6700.lib</file>
         <name>cpy_tbl.obj</name>
      </input_file>
      <input_file id="fl-87">
         <path>C:\ti\ccsv7\tools\compiler\c6000_7.4.20\lib\</path>
         <kind>archive</kind>
         <file>rts6700.lib</file>
         <name>memcpy62.obj</name>
      </input_file>
   </input_file_list>
   <object_component_list>
      <object_component id="oc-33">
         <name>.text:_memcpy</name>
         <load_address>0x1220</load_address>
         <run_address>0x1220</run_address>
         <size>0x240</size>
         <input_file_ref idref="fl-87"/>
      </object_component>
      <object_component id="oc-2f">
         <name>.text:__auto_init</name>
         <load_address>0x1460</load_address>
         <run_address>0x1460</run_address>
         <size>0x100</size>
         <input_file_ref idref="fl-84"/>
      </object_component>
      <object_component id="oc-31">
         <name>.text:_exit</name>
         <load_address>0x1560</load_address>
         <run_address>0x1560</run_address>
         <size>0xe0</size>
         <input_file_ref idref="fl-82"/>
      </object_component>
      <object_component id="oc-32">
         <name>.text:_copy_in</name>
         <load_address>0x1640</load_address>
         <run_address>0x1640</run_address>
         <size>0xc0</size>
         <input_file_ref idref="fl-86"/>
      </object_component>
      <object_component id="oc-34">
         <name>.text:___TI_cpp_init</name>
         <load_address>0x1700</load_address>
         <run_address>0x1700</run_address>
         <size>0x80</size>
         <input_file_ref idref="fl-85"/>
      </object_component>
      <object_component id="oc-e">
         <name>.text:_c_int00</name>
         <load_address>0x1780</load_address>
         <run_address>0x1780</run_address>
         <size>0x80</size>
         <input_file_ref idref="fl-81"/>
      </object_component>
      <object_component id="oc-30">
         <name>.text:__args_main</name>
         <load_address>0x1800</load_address>
         <run_address>0x1800</run_address>
         <size>0x40</size>
         <input_file_ref idref="fl-83"/>
      </object_component>
      <object_component id="oc-35">
         <name>.text</name>
         <load_address>0x1840</load_address>
         <run_address>0x1840</run_address>
         <size>0x40</size>
         <input_file_ref idref="fl-3"/>
      </object_component>
      <object_component id="oc-f">
         <name>.text</name>
         <load_address>0x1880</load_address>
         <run_address>0x1880</run_address>
         <size>0x20</size>
         <input_file_ref idref="fl-2"/>
      </object_component>
      <object_component id="oc-36">
         <name>.text:_abort</name>
         <load_address>0x18a0</load_address>
         <run_address>0x18a0</run_address>
         <size>0x20</size>
         <input_file_ref idref="fl-82"/>
      </object_component>
      <object_component id="oc-1c">
         <name>.cinit</name>
         <load_address>0x18c0</load_address>
         <run_address>0x18c0</run_address>
         <size>0x2c</size>
         <input_file_ref idref="fl-82"/>
      </object_component>
      <object_component id="oc-18">
         <name>.stack</name>
         <uninitialized>true</uninitialized>
         <run_address>0x220</run_address>
         <size>0x8</size>
         <input_file_ref idref="fl-81"/>
      </object_component>
      <object_component id="oc-4c">
         <name>.stack</name>
         <uninitialized>true</uninitialized>
         <run_address>0x220</run_address>
         <size>0x0</size>
      </object_component>
      <object_component id="oc-1d">
         <name>.far</name>
         <uninitialized>true</uninitialized>
         <run_address>0x18f4</run_address>
         <size>0xc</size>
         <input_file_ref idref="fl-82"/>
      </object_component>
      <object_component id="oc-10">
         <name>.debug_info</name>
         <load_address>0x0</load_address>
         <run_address>0x0</run_address>
         <size>0xd2</size>
         <input_file_ref idref="fl-2"/>
      </object_component>
      <object_component id="oc-13">
         <name>.debug_info</name>
         <load_address>0xd2</load_address>
         <run_address>0xd2</run_address>
         <size>0x654</size>
         <input_file_ref idref="fl-3"/>
      </object_component>
      <object_component id="oc-17">
         <name>.debug_info</name>
         <load_address>0x726</load_address>
         <run_address>0x726</run_address>
         <size>0x70b</size>
         <input_file_ref idref="fl-81"/>
      </object_component>
      <object_component id="oc-1b">
         <name>.debug_info</name>
         <load_address>0xe31</load_address>
         <run_address>0xe31</run_address>
         <size>0x7ff</size>
         <input_file_ref idref="fl-82"/>
      </object_component>
      <object_component id="oc-20">
         <name>.debug_info</name>
         <load_address>0x1630</load_address>
         <run_address>0x1630</run_address>
         <size>0x6e1</size>
         <input_file_ref idref="fl-83"/>
      </object_component>
      <object_component id="oc-23">
         <name>.debug_info</name>
         <load_address>0x1d11</load_address>
         <run_address>0x1d11</run_address>
         <size>0x871</size>
         <input_file_ref idref="fl-84"/>
      </object_component>
      <object_component id="oc-26">
         <name>.debug_info</name>
         <load_address>0x2582</load_address>
         <run_address>0x2582</run_address>
         <size>0x6e9</size>
         <input_file_ref idref="fl-85"/>
      </object_component>
      <object_component id="oc-29">
         <name>.debug_info</name>
         <load_address>0x2c6b</load_address>
         <run_address>0x2c6b</run_address>
         <size>0x7df</size>
         <input_file_ref idref="fl-86"/>
      </object_component>
      <object_component id="oc-2c">
         <name>.debug_info</name>
         <load_address>0x344a</load_address>
         <run_address>0x344a</run_address>
         <size>0x792</size>
         <input_file_ref idref="fl-87"/>
      </object_component>
      <object_component id="oc-4d">
         <name>.debug_info</name>
         <load_address>0x3bdc</load_address>
         <run_address>0x3bdc</run_address>
         <size>0x6e</size>
      </object_component>
      <object_component id="oc-11">
         <name>.debug_line</name>
         <load_address>0x0</load_address>
         <run_address>0x0</run_address>
         <size>0x4b</size>
         <input_file_ref idref="fl-2"/>
      </object_component>
      <object_component id="oc-15">
         <name>.debug_line</name>
         <load_address>0x4b</load_address>
         <run_address>0x4b</run_address>
         <size>0x46</size>
         <input_file_ref idref="fl-3"/>
      </object_component>
      <object_component id="oc-19">
         <name>.debug_line</name>
         <load_address>0x91</load_address>
         <run_address>0x91</run_address>
         <size>0x3d</size>
         <input_file_ref idref="fl-81"/>
      </object_component>
      <object_component id="oc-1e">
         <name>.debug_line</name>
         <load_address>0xce</load_address>
         <run_address>0xce</run_address>
         <size>0x4f</size>
         <input_file_ref idref="fl-82"/>
      </object_component>
      <object_component id="oc-21">
         <name>.debug_line</name>
         <load_address>0x11d</load_address>
         <run_address>0x11d</run_address>
         <size>0x41</size>
         <input_file_ref idref="fl-83"/>
      </object_component>
      <object_component id="oc-24">
         <name>.debug_line</name>
         <load_address>0x15e</load_address>
         <run_address>0x15e</run_address>
         <size>0x47</size>
         <input_file_ref idref="fl-84"/>
      </object_component>
      <object_component id="oc-27">
         <name>.debug_line</name>
         <load_address>0x1a5</load_address>
         <run_address>0x1a5</run_address>
         <size>0x45</size>
         <input_file_ref idref="fl-85"/>
      </object_component>
      <object_component id="oc-2a">
         <name>.debug_line</name>
         <load_address>0x1ea</load_address>
         <run_address>0x1ea</run_address>
         <size>0x44</size>
         <input_file_ref idref="fl-86"/>
      </object_component>
      <object_component id="oc-2d">
         <name>.debug_line</name>
         <load_address>0x22e</load_address>
         <run_address>0x22e</run_address>
         <size>0x4e</size>
         <input_file_ref idref="fl-87"/>
      </object_component>
      <object_component id="oc-12">
         <name>.debug_abbrev</name>
         <load_address>0x0</load_address>
         <run_address>0x0</run_address>
         <size>0x21</size>
         <input_file_ref idref="fl-2"/>
      </object_component>
      <object_component id="oc-16">
         <name>.debug_abbrev</name>
         <load_address>0x21</load_address>
         <run_address>0x21</run_address>
         <size>0x87</size>
         <input_file_ref idref="fl-3"/>
      </object_component>
      <object_component id="oc-1a">
         <name>.debug_abbrev</name>
         <load_address>0xa8</load_address>
         <run_address>0xa8</run_address>
         <size>0xfe</size>
         <input_file_ref idref="fl-81"/>
      </object_component>
      <object_component id="oc-1f">
         <name>.debug_abbrev</name>
         <load_address>0x1a6</load_address>
         <run_address>0x1a6</run_address>
         <size>0x119</size>
         <input_file_ref idref="fl-82"/>
      </object_component>
      <object_component id="oc-22">
         <name>.debug_abbrev</name>
         <load_address>0x2bf</load_address>
         <run_address>0x2bf</run_address>
         <size>0xe1</size>
         <input_file_ref idref="fl-83"/>
      </object_component>
      <object_component id="oc-25">
         <name>.debug_abbrev</name>
         <load_address>0x3a0</load_address>
         <run_address>0x3a0</run_address>
         <size>0x13f</size>
         <input_file_ref idref="fl-84"/>
      </object_component>
      <object_component id="oc-28">
         <name>.debug_abbrev</name>
         <load_address>0x4df</load_address>
         <run_address>0x4df</run_address>
         <size>0xdd</size>
         <input_file_ref idref="fl-85"/>
      </object_component>
      <object_component id="oc-2b">
         <name>.debug_abbrev</name>
         <load_address>0x5bc</load_address>
         <run_address>0x5bc</run_address>
         <size>0x10c</size>
         <input_file_ref idref="fl-86"/>
      </object_component>
      <object_component id="oc-2e">
         <name>.debug_abbrev</name>
         <load_address>0x6c8</load_address>
         <run_address>0x6c8</run_address>
         <size>0xd5</size>
         <input_file_ref idref="fl-87"/>
      </object_component>
      <object_component id="oc-4e">
         <name>.debug_abbrev</name>
         <load_address>0x79d</load_address>
         <run_address>0x79d</run_address>
         <size>0xd</size>
      </object_component>
      <object_component id="oc-14">
         <name>.debug_frame</name>
         <load_address>0x0</load_address>
         <run_address>0x0</run_address>
         <size>0x25d</size>
         <input_file_ref idref="fl-3"/>
      </object_component>
   </object_component_list>
   <logical_group_list>
      <logical_group id="lg-2">
         <name>.EXT_RAM</name>
         <run_address>0x0</run_address>
         <size>0x0</size>
         <contents>
         </contents>
      </logical_group>
      <logical_group id="lg-3">
         <name>.vectors</name>
         <run_address>0x0</run_address>
         <size>0x0</size>
         <contents>
         </contents>
      </logical_group>
      <logical_group id="lg-4">
         <name>.text</name>
         <load_address>0x1220</load_address>
         <run_address>0x1220</run_address>
         <size>0x6a0</size>
         <contents>
            <object_component_ref idref="oc-33"/>
            <object_component_ref idref="oc-2f"/>
            <object_component_ref idref="oc-31"/>
            <object_component_ref idref="oc-32"/>
            <object_component_ref idref="oc-34"/>
            <object_component_ref idref="oc-e"/>
            <object_component_ref idref="oc-30"/>
            <object_component_ref idref="oc-35"/>
            <object_component_ref idref="oc-f"/>
            <object_component_ref idref="oc-36"/>
         </contents>
      </logical_group>
      <logical_group id="lg-5">
         <name>.bss</name>
         <run_address>0x220</run_address>
         <size>0x0</size>
         <contents>
         </contents>
      </logical_group>
      <logical_group id="lg-6">
         <name>.cinit</name>
         <load_address>0x18c0</load_address>
         <run_address>0x18c0</run_address>
         <size>0x34</size>
         <contents>
            <object_component_ref idref="oc-1c"/>
         </contents>
      </logical_group>
      <logical_group id="lg-7">
         <name>.stack</name>
         <run_address>0x220</run_address>
         <size>0x1000</size>
         <contents>
            <object_component_ref idref="oc-18"/>
            <object_component_ref idref="oc-4c"/>
         </contents>
      </logical_group>
      <logical_group id="lg-8">
         <name>.sysmem</name>
         <run_address>0x0</run_address>
         <size>0x0</size>
         <contents>
         </contents>
      </logical_group>
      <logical_group id="lg-9">
         <name>.const</name>
         <run_address>0x0</run_address>
         <size>0x0</size>
         <contents>
         </contents>
      </logical_group>
      <logical_group id="lg-a">
         <name>.switch</name>
         <run_address>0x0</run_address>
         <size>0x0</size>
         <contents>
         </contents>
      </logical_group>
      <logical_group id="lg-b">
         <name>.far</name>
         <run_address>0x18f4</run_address>
         <size>0xc</size>
         <contents>
            <object_component_ref idref="oc-1d"/>
         </contents>
      </logical_group>
      <logical_group id="lg-c">
         <name>.cio</name>
         <run_address>0x0</run_address>
         <size>0x0</size>
         <contents>
         </contents>
      </logical_group>
      <logical_group id="lg-d">
         <name>.csldata</name>
         <run_address>0x0</run_address>
         <size>0x0</size>
         <contents>
         </contents>
      </logical_group>
      <logical_group id="lg-43">
         <name>.debug_info</name>
         <load_address>0x0</load_address>
         <run_address>0x0</run_address>
         <size>0x3c4a</size>
         <contents>
            <object_component_ref idref="oc-10"/>
            <object_component_ref idref="oc-13"/>
            <object_component_ref idref="oc-17"/>
            <object_component_ref idref="oc-1b"/>
            <object_component_ref idref="oc-20"/>
            <object_component_ref idref="oc-23"/>
            <object_component_ref idref="oc-26"/>
            <object_component_ref idref="oc-29"/>
            <object_component_ref idref="oc-2c"/>
            <object_component_ref idref="oc-4d"/>
         </contents>
      </logical_group>
      <logical_group id="lg-45">
         <name>.debug_line</name>
         <load_address>0x0</load_address>
         <run_address>0x0</run_address>
         <size>0x27c</size>
         <contents>
            <object_component_ref idref="oc-11"/>
            <object_component_ref idref="oc-15"/>
            <object_component_ref idref="oc-19"/>
            <object_component_ref idref="oc-1e"/>
            <object_component_ref idref="oc-21"/>
            <object_component_ref idref="oc-24"/>
            <object_component_ref idref="oc-27"/>
            <object_component_ref idref="oc-2a"/>
            <object_component_ref idref="oc-2d"/>
         </contents>
      </logical_group>
      <logical_group id="lg-47">
         <name>.debug_abbrev</name>
         <load_address>0x0</load_address>
         <run_address>0x0</run_address>
         <size>0x7aa</size>
         <contents>
            <object_component_ref idref="oc-12"/>
            <object_component_ref idref="oc-16"/>
            <object_component_ref idref="oc-1a"/>
            <object_component_ref idref="oc-1f"/>
            <object_component_ref idref="oc-22"/>
            <object_component_ref idref="oc-25"/>
            <object_component_ref idref="oc-28"/>
            <object_component_ref idref="oc-2b"/>
            <object_component_ref idref="oc-2e"/>
            <object_component_ref idref="oc-4e"/>
         </contents>
      </logical_group>
      <logical_group id="lg-49">
         <name>.debug_frame</name>
         <load_address>0x0</load_address>
         <run_address>0x0</run_address>
         <size>0x25d</size>
         <contents>
            <object_component_ref idref="oc-14"/>
         </contents>
      </logical_group>
   </logical_group_list>
   <placement_map>
      <memory_area>
         <name>IVECS</name>
         <page_id>0x0</page_id>
         <origin>0x0</origin>
         <length>0x220</length>
         <used_space>0x0</used_space>
         <unused_space>0x220</unused_space>
         <attributes>RWIX</attributes>
         <usage_details>
         </usage_details>
      </memory_area>
      <memory_area>
         <name>IRAM</name>
         <page_id>0x0</page_id>
         <origin>0x220</origin>
         <length>0x2fde0</length>
         <used_space>0x16e0</used_space>
         <unused_space>0x2e700</unused_space>
         <attributes>RWIX</attributes>
         <usage_details>
            <allocated_space>
               <start_address>0x220</start_address>
               <size>0x0</size>
               <logical_group_ref idref="lg-5"/>
            </allocated_space>
            <allocated_space>
               <start_address>0x220</start_address>
               <size>0x1000</size>
               <logical_group_ref idref="lg-7"/>
            </allocated_space>
            <allocated_space>
               <start_address>0x1220</start_address>
               <size>0x6a0</size>
               <logical_group_ref idref="lg-4"/>
            </allocated_space>
            <allocated_space>
               <start_address>0x18c0</start_address>
               <size>0x34</size>
               <logical_group_ref idref="lg-6"/>
            </allocated_space>
            <allocated_space>
               <start_address>0x18f4</start_address>
               <size>0xc</size>
               <logical_group_ref idref="lg-b"/>
            </allocated_space>
            <available_space>
               <start_address>0x1900</start_address>
               <size>0x2e700</size>
            </available_space>
         </usage_details>
      </memory_area>
      <memory_area>
         <name>SDRAM</name>
         <page_id>0x0</page_id>
         <origin>0x80000000</origin>
         <length>0x1000000</length>
         <used_space>0x0</used_space>
         <unused_space>0x1000000</unused_space>
         <attributes>RWIX</attributes>
         <usage_details>
         </usage_details>
      </memory_area>
      <memory_area>
         <name>FLASH</name>
         <page_id>0x0</page_id>
         <origin>0x90000000</origin>
         <length>0x20000</length>
         <used_space>0x0</used_space>
         <unused_space>0x20000</unused_space>
         <attributes>RWIX</attributes>
         <usage_details>
         </usage_details>
      </memory_area>
   </placement_map>
   <symbol_table>
      <symbol id="sm-0">
         <name>cinit</name>
         <value>0x18c0</value>
      </symbol>
      <symbol id="sm-1">
         <name>___cinit__</name>
         <value>0x18c0</value>
      </symbol>
      <symbol id="sm-2">
         <name>pinit</name>
         <value>0xffffffff</value>
      </symbol>
      <symbol id="sm-3">
         <name>___pinit__</name>
         <value>0xffffffff</value>
      </symbol>
      <symbol id="sm-4">
         <name>binit</name>
         <value>0xffffffff</value>
      </symbol>
      <symbol id="sm-5">
         <name>___binit__</name>
         <value>0xffffffff</value>
      </symbol>
      <symbol id="sm-6">
         <name>__STACK_SIZE</name>
         <value>0x1000</value>
      </symbol>
      <symbol id="sm-7">
         <name>__STACK_END</name>
         <value>0x1220</value>
      </symbol>
      <symbol id="sm-8">
         <name>___c_args__</name>
         <value>0xffffffff</value>
      </symbol>
      <symbol id="sm-9">
         <name>.text</name>
         <value>0x1220</value>
      </symbol>
      <symbol id="sm-a">
         <name>___text__</name>
         <value>0x1220</value>
      </symbol>
      <symbol id="sm-b">
         <name>etext</name>
         <value>0x18c0</value>
      </symbol>
      <symbol id="sm-c">
         <name>___etext__</name>
         <value>0x18c0</value>
      </symbol>
      <symbol id="sm-d">
         <name>.bss</name>
         <value>0x220</value>
      </symbol>
      <symbol id="sm-e">
         <name>___bss__</name>
         <value>0x220</value>
      </symbol>
      <symbol id="sm-f">
         <name>end</name>
         <value>0x220</value>
      </symbol>
      <symbol id="sm-10">
         <name>___end__</name>
         <value>0x220</value>
      </symbol>
      <symbol id="sm-11">
         <name>___TI_pprof_out_hndl</name>
         <value>0xffffffff</value>
      </symbol>
      <symbol id="sm-12">
         <name>___TI_prof_data_start</name>
         <value>0xffffffff</value>
      </symbol>
      <symbol id="sm-13">
         <name>___TI_prof_data_size</name>
         <value>0xffffffff</value>
      </symbol>
      <symbol id="sm-14">
         <name>$bss</name>
         <value>0x220</value>
      </symbol>
      <symbol id="sm-3c">
         <name>_SubEntierNonSigne32bits</name>
         <value>0x1880</value>
         <object_component_ref idref="oc-f"/>
      </symbol>
      <symbol id="sm-47">
         <name>_main</name>
         <value>0x1840</value>
         <object_component_ref idref="oc-35"/>
      </symbol>
      <symbol id="sm-48">
         <name>_DSPF_sp_cfftr2_dit</name>
         <value>0x0</value>
      </symbol>
      <symbol id="sm-54">
         <name>_c_int00</name>
         <value>0x1780</value>
         <object_component_ref idref="oc-e"/>
      </symbol>
      <symbol id="sm-55">
         <name>__stack</name>
         <value>0x220</value>
         <object_component_ref idref="oc-18"/>
      </symbol>
      <symbol id="sm-65">
         <name>C$$EXIT</name>
         <value>0x18a0</value>
         <object_component_ref idref="oc-36"/>
      </symbol>
      <symbol id="sm-66">
         <name>_exit</name>
         <value>0x1560</value>
         <object_component_ref idref="oc-31"/>
      </symbol>
      <symbol id="sm-67">
         <name>___TI_enable_exit_profile_output</name>
         <value>0x18fc</value>
         <object_component_ref idref="oc-1d"/>
      </symbol>
      <symbol id="sm-68">
         <name>_abort</name>
         <value>0x18a0</value>
         <object_component_ref idref="oc-36"/>
      </symbol>
      <symbol id="sm-69">
         <name>__cleanup_ptr</name>
         <value>0x18f4</value>
         <object_component_ref idref="oc-1d"/>
      </symbol>
      <symbol id="sm-6a">
         <name>__dtors_ptr</name>
         <value>0x18f8</value>
         <object_component_ref idref="oc-1d"/>
      </symbol>
      <symbol id="sm-74">
         <name>__args_main</name>
         <value>0x1800</value>
         <object_component_ref idref="oc-30"/>
      </symbol>
      <symbol id="sm-75">
         <name>__TI_args_main</name>
         <value>0x1</value>
      </symbol>
      <symbol id="sm-7f">
         <name>__auto_init</name>
         <value>0x1460</value>
         <object_component_ref idref="oc-2f"/>
      </symbol>
      <symbol id="sm-89">
         <name>___TI_cpp_init</name>
         <value>0x1700</value>
         <object_component_ref idref="oc-34"/>
      </symbol>
      <symbol id="sm-93">
         <name>_copy_in</name>
         <value>0x1640</value>
         <object_component_ref idref="oc-32"/>
      </symbol>
      <symbol id="sm-9d">
         <name>_memcpy</name>
         <value>0x1220</value>
         <object_component_ref idref="oc-33"/>
      </symbol>
   </symbol_table>
</link_info>
