<?xml version="1.0"?>
<link_info>
   <banner>TMS320C6x Linker PC v7.4.20</banner>
   <copyright>Copyright (c) 1996-2015 Texas Instruments Incorporated</copyright>
   <link_time>0x589c8be0</link_time>
   <output_file>Projet_S5_P1.out</output_file>
   <entry_point>
      <name>_c_int00</name>
      <address>0x21620</address>
   </entry_point>
   <input_file_list>
      <input_file id="fl-2">
         <path>.\source\asm\</path>
         <kind>object</kind>
         <file>Assembleur.obj</file>
         <name>Assembleur.obj</name>
      </input_file>
      <input_file id="fl-3">
         <path>.\source\c\</path>
         <kind>object</kind>
         <file>main.obj</file>
         <name>main.obj</name>
      </input_file>
      <input_file id="fl-82">
         <path>C:\ti\ccsv7\tools\compiler\c6000_7.4.20\lib\</path>
         <kind>archive</kind>
         <file>rts6700.lib</file>
         <name>boot.obj</name>
      </input_file>
      <input_file id="fl-83">
         <path>C:\ti\ccsv7\tools\compiler\c6000_7.4.20\lib\</path>
         <kind>archive</kind>
         <file>rts6700.lib</file>
         <name>divf.obj</name>
      </input_file>
      <input_file id="fl-84">
         <path>C:\ti\ccsv7\tools\compiler\c6000_7.4.20\lib\</path>
         <kind>archive</kind>
         <file>rts6700.lib</file>
         <name>exit.obj</name>
      </input_file>
      <input_file id="fl-85">
         <path>C:\ti\ccsv7\tools\compiler\c6000_7.4.20\lib\</path>
         <kind>archive</kind>
         <file>rts6700.lib</file>
         <name>sin.obj</name>
      </input_file>
      <input_file id="fl-86">
         <path>C:\ti\ccsv7\tools\compiler\c6000_7.4.20\lib\</path>
         <kind>archive</kind>
         <file>rts6700.lib</file>
         <name>trunc.obj</name>
      </input_file>
      <input_file id="fl-87">
         <path>C:\ti\ccsv7\tools\compiler\c6000_7.4.20\lib\</path>
         <kind>archive</kind>
         <file>rts6700.lib</file>
         <name>args_main.obj</name>
      </input_file>
      <input_file id="fl-88">
         <path>C:\ti\ccsv7\tools\compiler\c6000_7.4.20\lib\</path>
         <kind>archive</kind>
         <file>rts6700.lib</file>
         <name>autoinit.obj</name>
      </input_file>
      <input_file id="fl-89">
         <path>C:\ti\ccsv7\tools\compiler\c6000_7.4.20\lib\</path>
         <kind>archive</kind>
         <file>rts6700.lib</file>
         <name>cpp_init.obj</name>
      </input_file>
      <input_file id="fl-8a">
         <path>C:\ti\ccsv7\tools\compiler\c6000_7.4.20\lib\</path>
         <kind>archive</kind>
         <file>rts6700.lib</file>
         <name>cpy_tbl.obj</name>
      </input_file>
      <input_file id="fl-8b">
         <path>C:\ti\ccsv7\tools\compiler\c6000_7.4.20\lib\</path>
         <kind>archive</kind>
         <file>rts6700.lib</file>
         <name>memcpy62.obj</name>
      </input_file>
      <input_file id="fl-8c">
         <path>C:\ti\ccsv7\tools\compiler\c6000_7.4.20\lib\</path>
         <kind>archive</kind>
         <file>rts6700.lib</file>
         <name>modf.obj</name>
      </input_file>
      <input_file id="fl-8d">
         <path>C:\ti\ccsv7\tools\compiler\c6000_7.4.20\lib\</path>
         <kind>archive</kind>
         <file>rts6700.lib</file>
         <name>round.obj</name>
      </input_file>
      <input_file id="fl-8e">
         <path>C:\ti\ccsv7\ccs_base\C6700\dsplib\lib\</path>
         <kind>archive</kind>
         <file>dsp67x.lib</file>
         <name>DSPF_sp_cfftr2_dit.obj</name>
      </input_file>
   </input_file_list>
   <object_component_list>
      <object_component id="oc-42">
         <name>.text</name>
         <load_address>0x20320</load_address>
         <run_address>0x20320</run_address>
         <size>0x4e0</size>
         <input_file_ref idref="fl-8e"/>
      </object_component>
      <object_component id="oc-4e">
         <name>.text:__divf</name>
         <load_address>0x20800</load_address>
         <run_address>0x20800</run_address>
         <size>0x300</size>
         <input_file_ref idref="fl-83"/>
      </object_component>
      <object_component id="oc-4f">
         <name>.text:_sin</name>
         <load_address>0x20b00</load_address>
         <run_address>0x20b00</run_address>
         <size>0x2e0</size>
         <input_file_ref idref="fl-85"/>
      </object_component>
      <object_component id="oc-4a">
         <name>.text:_memcpy</name>
         <load_address>0x20de0</load_address>
         <run_address>0x20de0</run_address>
         <size>0x240</size>
         <input_file_ref idref="fl-8b"/>
      </object_component>
      <object_component id="oc-4c">
         <name>.text</name>
         <load_address>0x21020</load_address>
         <run_address>0x21020</run_address>
         <size>0x120</size>
         <input_file_ref idref="fl-3"/>
      </object_component>
      <object_component id="oc-46">
         <name>.text:__auto_init</name>
         <load_address>0x21140</load_address>
         <run_address>0x21140</run_address>
         <size>0x100</size>
         <input_file_ref idref="fl-88"/>
      </object_component>
      <object_component id="oc-51">
         <name>.text:__nround</name>
         <load_address>0x21240</load_address>
         <run_address>0x21240</run_address>
         <size>0xe0</size>
         <input_file_ref idref="fl-8d"/>
      </object_component>
      <object_component id="oc-48">
         <name>.text:_exit</name>
         <load_address>0x21320</load_address>
         <run_address>0x21320</run_address>
         <size>0xe0</size>
         <input_file_ref idref="fl-84"/>
      </object_component>
      <object_component id="oc-52">
         <name>.text:_modf</name>
         <load_address>0x21400</load_address>
         <run_address>0x21400</run_address>
         <size>0xe0</size>
         <input_file_ref idref="fl-8c"/>
      </object_component>
      <object_component id="oc-49">
         <name>.text:_copy_in</name>
         <load_address>0x214e0</load_address>
         <run_address>0x214e0</run_address>
         <size>0xc0</size>
         <input_file_ref idref="fl-8a"/>
      </object_component>
      <object_component id="oc-4b">
         <name>.text:___TI_cpp_init</name>
         <load_address>0x215a0</load_address>
         <run_address>0x215a0</run_address>
         <size>0x80</size>
         <input_file_ref idref="fl-89"/>
      </object_component>
      <object_component id="oc-e">
         <name>.text:_c_int00</name>
         <load_address>0x21620</load_address>
         <run_address>0x21620</run_address>
         <size>0x80</size>
         <input_file_ref idref="fl-82"/>
      </object_component>
      <object_component id="oc-47">
         <name>.text:__args_main</name>
         <load_address>0x216a0</load_address>
         <run_address>0x216a0</run_address>
         <size>0x40</size>
         <input_file_ref idref="fl-87"/>
      </object_component>
      <object_component id="oc-50">
         <name>.text:__trunc</name>
         <load_address>0x216e0</load_address>
         <run_address>0x216e0</run_address>
         <size>0x40</size>
         <input_file_ref idref="fl-86"/>
      </object_component>
      <object_component id="oc-f">
         <name>.text</name>
         <load_address>0x21720</load_address>
         <run_address>0x21720</run_address>
         <size>0x20</size>
         <input_file_ref idref="fl-2"/>
      </object_component>
      <object_component id="oc-4d">
         <name>.text:_abort</name>
         <load_address>0x21740</load_address>
         <run_address>0x21740</run_address>
         <size>0x20</size>
         <input_file_ref idref="fl-84"/>
      </object_component>
      <object_component id="oc-14">
         <name>.cinit</name>
         <load_address>0x18278</load_address>
         <run_address>0x18278</run_address>
         <size>0x8012</size>
         <input_file_ref idref="fl-3"/>
      </object_component>
      <object_component id="oc-26">
         <name>.cinit</name>
         <load_address>0x20290</load_address>
         <run_address>0x20290</run_address>
         <size>0x48</size>
         <input_file_ref idref="fl-85"/>
      </object_component>
      <object_component id="oc-21">
         <name>.cinit</name>
         <load_address>0x202d8</load_address>
         <run_address>0x202d8</run_address>
         <size>0x2c</size>
         <input_file_ref idref="fl-84"/>
      </object_component>
      <object_component id="oc-1a">
         <name>.stack</name>
         <uninitialized>true</uninitialized>
         <run_address>0x21760</run_address>
         <size>0x8</size>
         <input_file_ref idref="fl-82"/>
      </object_component>
      <object_component id="oc-68">
         <name>.stack</name>
         <uninitialized>true</uninitialized>
         <run_address>0x21760</run_address>
         <size>0x0</size>
      </object_component>
      <object_component id="oc-15">
         <name>.far</name>
         <uninitialized>true</uninitialized>
         <run_address>0x220</run_address>
         <size>0x18002</size>
         <input_file_ref idref="fl-3"/>
      </object_component>
      <object_component id="oc-22">
         <name>.far</name>
         <uninitialized>true</uninitialized>
         <run_address>0x18268</run_address>
         <size>0xc</size>
         <input_file_ref idref="fl-84"/>
      </object_component>
      <object_component id="oc-27">
         <name>.far</name>
         <uninitialized>true</uninitialized>
         <run_address>0x18228</run_address>
         <size>0x40</size>
         <input_file_ref idref="fl-85"/>
      </object_component>
      <object_component id="oc-10">
         <name>.debug_info</name>
         <load_address>0x0</load_address>
         <run_address>0x0</run_address>
         <size>0xd3</size>
         <input_file_ref idref="fl-2"/>
      </object_component>
      <object_component id="oc-13">
         <name>.debug_info</name>
         <load_address>0xd3</load_address>
         <run_address>0xd3</run_address>
         <size>0x755</size>
         <input_file_ref idref="fl-3"/>
      </object_component>
      <object_component id="oc-19">
         <name>.debug_info</name>
         <load_address>0x828</load_address>
         <run_address>0x828</run_address>
         <size>0x70b</size>
         <input_file_ref idref="fl-82"/>
      </object_component>
      <object_component id="oc-1d">
         <name>.debug_info</name>
         <load_address>0xf33</load_address>
         <run_address>0xf33</run_address>
         <size>0x8ce</size>
         <input_file_ref idref="fl-83"/>
      </object_component>
      <object_component id="oc-20">
         <name>.debug_info</name>
         <load_address>0x1801</load_address>
         <run_address>0x1801</run_address>
         <size>0x7ff</size>
         <input_file_ref idref="fl-84"/>
      </object_component>
      <object_component id="oc-25">
         <name>.debug_info</name>
         <load_address>0x2000</load_address>
         <run_address>0x2000</run_address>
         <size>0x717</size>
         <input_file_ref idref="fl-85"/>
      </object_component>
      <object_component id="oc-2a">
         <name>.debug_info</name>
         <load_address>0x2717</load_address>
         <run_address>0x2717</run_address>
         <size>0x651</size>
         <input_file_ref idref="fl-86"/>
      </object_component>
      <object_component id="oc-2d">
         <name>.debug_info</name>
         <load_address>0x2d68</load_address>
         <run_address>0x2d68</run_address>
         <size>0x6e1</size>
         <input_file_ref idref="fl-87"/>
      </object_component>
      <object_component id="oc-30">
         <name>.debug_info</name>
         <load_address>0x3449</load_address>
         <run_address>0x3449</run_address>
         <size>0x871</size>
         <input_file_ref idref="fl-88"/>
      </object_component>
      <object_component id="oc-33">
         <name>.debug_info</name>
         <load_address>0x3cba</load_address>
         <run_address>0x3cba</run_address>
         <size>0x6e9</size>
         <input_file_ref idref="fl-89"/>
      </object_component>
      <object_component id="oc-36">
         <name>.debug_info</name>
         <load_address>0x43a3</load_address>
         <run_address>0x43a3</run_address>
         <size>0x7df</size>
         <input_file_ref idref="fl-8a"/>
      </object_component>
      <object_component id="oc-39">
         <name>.debug_info</name>
         <load_address>0x4b82</load_address>
         <run_address>0x4b82</run_address>
         <size>0x792</size>
         <input_file_ref idref="fl-8b"/>
      </object_component>
      <object_component id="oc-3c">
         <name>.debug_info</name>
         <load_address>0x5314</load_address>
         <run_address>0x5314</run_address>
         <size>0x680</size>
         <input_file_ref idref="fl-8c"/>
      </object_component>
      <object_component id="oc-3f">
         <name>.debug_info</name>
         <load_address>0x5994</load_address>
         <run_address>0x5994</run_address>
         <size>0x659</size>
         <input_file_ref idref="fl-8d"/>
      </object_component>
      <object_component id="oc-44">
         <name>.debug_info</name>
         <load_address>0x5fed</load_address>
         <run_address>0x5fed</run_address>
         <size>0xaf</size>
         <input_file_ref idref="fl-8e"/>
      </object_component>
      <object_component id="oc-69">
         <name>.debug_info</name>
         <load_address>0x609c</load_address>
         <run_address>0x609c</run_address>
         <size>0x6e</size>
      </object_component>
      <object_component id="oc-11">
         <name>.debug_line</name>
         <load_address>0x0</load_address>
         <run_address>0x0</run_address>
         <size>0x49</size>
         <input_file_ref idref="fl-2"/>
      </object_component>
      <object_component id="oc-17">
         <name>.debug_line</name>
         <load_address>0x49</load_address>
         <run_address>0x49</run_address>
         <size>0x5c</size>
         <input_file_ref idref="fl-3"/>
      </object_component>
      <object_component id="oc-1b">
         <name>.debug_line</name>
         <load_address>0xa5</load_address>
         <run_address>0xa5</run_address>
         <size>0x3d</size>
         <input_file_ref idref="fl-82"/>
      </object_component>
      <object_component id="oc-1e">
         <name>.debug_line</name>
         <load_address>0xe2</load_address>
         <run_address>0xe2</run_address>
         <size>0x3c</size>
         <input_file_ref idref="fl-83"/>
      </object_component>
      <object_component id="oc-23">
         <name>.debug_line</name>
         <load_address>0x11e</load_address>
         <run_address>0x11e</run_address>
         <size>0x4f</size>
         <input_file_ref idref="fl-84"/>
      </object_component>
      <object_component id="oc-28">
         <name>.debug_line</name>
         <load_address>0x16d</load_address>
         <run_address>0x16d</run_address>
         <size>0x54</size>
         <input_file_ref idref="fl-85"/>
      </object_component>
      <object_component id="oc-2b">
         <name>.debug_line</name>
         <load_address>0x1c1</load_address>
         <run_address>0x1c1</run_address>
         <size>0x38</size>
         <input_file_ref idref="fl-86"/>
      </object_component>
      <object_component id="oc-2e">
         <name>.debug_line</name>
         <load_address>0x1f9</load_address>
         <run_address>0x1f9</run_address>
         <size>0x41</size>
         <input_file_ref idref="fl-87"/>
      </object_component>
      <object_component id="oc-31">
         <name>.debug_line</name>
         <load_address>0x23a</load_address>
         <run_address>0x23a</run_address>
         <size>0x47</size>
         <input_file_ref idref="fl-88"/>
      </object_component>
      <object_component id="oc-34">
         <name>.debug_line</name>
         <load_address>0x281</load_address>
         <run_address>0x281</run_address>
         <size>0x45</size>
         <input_file_ref idref="fl-89"/>
      </object_component>
      <object_component id="oc-37">
         <name>.debug_line</name>
         <load_address>0x2c6</load_address>
         <run_address>0x2c6</run_address>
         <size>0x44</size>
         <input_file_ref idref="fl-8a"/>
      </object_component>
      <object_component id="oc-3a">
         <name>.debug_line</name>
         <load_address>0x30a</load_address>
         <run_address>0x30a</run_address>
         <size>0x4e</size>
         <input_file_ref idref="fl-8b"/>
      </object_component>
      <object_component id="oc-3d">
         <name>.debug_line</name>
         <load_address>0x358</load_address>
         <run_address>0x358</run_address>
         <size>0x37</size>
         <input_file_ref idref="fl-8c"/>
      </object_component>
      <object_component id="oc-40">
         <name>.debug_line</name>
         <load_address>0x38f</load_address>
         <run_address>0x38f</run_address>
         <size>0x38</size>
         <input_file_ref idref="fl-8d"/>
      </object_component>
      <object_component id="oc-45">
         <name>.debug_line</name>
         <load_address>0x3c7</load_address>
         <run_address>0x3c7</run_address>
         <size>0x8a</size>
         <input_file_ref idref="fl-8e"/>
      </object_component>
      <object_component id="oc-12">
         <name>.debug_abbrev</name>
         <load_address>0x0</load_address>
         <run_address>0x0</run_address>
         <size>0x27</size>
         <input_file_ref idref="fl-2"/>
      </object_component>
      <object_component id="oc-18">
         <name>.debug_abbrev</name>
         <load_address>0x27</load_address>
         <run_address>0x27</run_address>
         <size>0xff</size>
         <input_file_ref idref="fl-3"/>
      </object_component>
      <object_component id="oc-1c">
         <name>.debug_abbrev</name>
         <load_address>0x126</load_address>
         <run_address>0x126</run_address>
         <size>0xfe</size>
         <input_file_ref idref="fl-82"/>
      </object_component>
      <object_component id="oc-1f">
         <name>.debug_abbrev</name>
         <load_address>0x224</load_address>
         <run_address>0x224</run_address>
         <size>0xe7</size>
         <input_file_ref idref="fl-83"/>
      </object_component>
      <object_component id="oc-24">
         <name>.debug_abbrev</name>
         <load_address>0x30b</load_address>
         <run_address>0x30b</run_address>
         <size>0x119</size>
         <input_file_ref idref="fl-84"/>
      </object_component>
      <object_component id="oc-29">
         <name>.debug_abbrev</name>
         <load_address>0x424</load_address>
         <run_address>0x424</run_address>
         <size>0xcc</size>
         <input_file_ref idref="fl-85"/>
      </object_component>
      <object_component id="oc-2c">
         <name>.debug_abbrev</name>
         <load_address>0x4f0</load_address>
         <run_address>0x4f0</run_address>
         <size>0xaf</size>
         <input_file_ref idref="fl-86"/>
      </object_component>
      <object_component id="oc-2f">
         <name>.debug_abbrev</name>
         <load_address>0x59f</load_address>
         <run_address>0x59f</run_address>
         <size>0xe1</size>
         <input_file_ref idref="fl-87"/>
      </object_component>
      <object_component id="oc-32">
         <name>.debug_abbrev</name>
         <load_address>0x680</load_address>
         <run_address>0x680</run_address>
         <size>0x13f</size>
         <input_file_ref idref="fl-88"/>
      </object_component>
      <object_component id="oc-35">
         <name>.debug_abbrev</name>
         <load_address>0x7bf</load_address>
         <run_address>0x7bf</run_address>
         <size>0xdd</size>
         <input_file_ref idref="fl-89"/>
      </object_component>
      <object_component id="oc-38">
         <name>.debug_abbrev</name>
         <load_address>0x89c</load_address>
         <run_address>0x89c</run_address>
         <size>0x10c</size>
         <input_file_ref idref="fl-8a"/>
      </object_component>
      <object_component id="oc-3b">
         <name>.debug_abbrev</name>
         <load_address>0x9a8</load_address>
         <run_address>0x9a8</run_address>
         <size>0xd5</size>
         <input_file_ref idref="fl-8b"/>
      </object_component>
      <object_component id="oc-3e">
         <name>.debug_abbrev</name>
         <load_address>0xa7d</load_address>
         <run_address>0xa7d</run_address>
         <size>0xa1</size>
         <input_file_ref idref="fl-8c"/>
      </object_component>
      <object_component id="oc-41">
         <name>.debug_abbrev</name>
         <load_address>0xb1e</load_address>
         <run_address>0xb1e</run_address>
         <size>0xaf</size>
         <input_file_ref idref="fl-8d"/>
      </object_component>
      <object_component id="oc-43">
         <name>.debug_abbrev</name>
         <load_address>0xbcd</load_address>
         <run_address>0xbcd</run_address>
         <size>0x1f</size>
         <input_file_ref idref="fl-8e"/>
      </object_component>
      <object_component id="oc-6a">
         <name>.debug_abbrev</name>
         <load_address>0xbec</load_address>
         <run_address>0xbec</run_address>
         <size>0xd</size>
      </object_component>
      <object_component id="oc-16">
         <name>.debug_frame</name>
         <load_address>0x0</load_address>
         <run_address>0x0</run_address>
         <size>0x25d</size>
         <input_file_ref idref="fl-3"/>
      </object_component>
   </object_component_list>
   <logical_group_list>
      <logical_group id="lg-2">
         <name>.EXT_RAM</name>
         <run_address>0x0</run_address>
         <size>0x0</size>
         <contents>
         </contents>
      </logical_group>
      <logical_group id="lg-3">
         <name>.vectors</name>
         <run_address>0x0</run_address>
         <size>0x0</size>
         <contents>
         </contents>
      </logical_group>
      <logical_group id="lg-4">
         <name>.text</name>
         <load_address>0x20320</load_address>
         <run_address>0x20320</run_address>
         <size>0x1440</size>
         <contents>
            <object_component_ref idref="oc-42"/>
            <object_component_ref idref="oc-4e"/>
            <object_component_ref idref="oc-4f"/>
            <object_component_ref idref="oc-4a"/>
            <object_component_ref idref="oc-4c"/>
            <object_component_ref idref="oc-46"/>
            <object_component_ref idref="oc-51"/>
            <object_component_ref idref="oc-48"/>
            <object_component_ref idref="oc-52"/>
            <object_component_ref idref="oc-49"/>
            <object_component_ref idref="oc-4b"/>
            <object_component_ref idref="oc-e"/>
            <object_component_ref idref="oc-47"/>
            <object_component_ref idref="oc-50"/>
            <object_component_ref idref="oc-f"/>
            <object_component_ref idref="oc-4d"/>
         </contents>
      </logical_group>
      <logical_group id="lg-5">
         <name>.bss</name>
         <run_address>0x220</run_address>
         <size>0x0</size>
         <contents>
         </contents>
      </logical_group>
      <logical_group id="lg-6">
         <name>.cinit</name>
         <load_address>0x18278</load_address>
         <run_address>0x18278</run_address>
         <size>0x8094</size>
         <contents>
            <object_component_ref idref="oc-14"/>
            <object_component_ref idref="oc-26"/>
            <object_component_ref idref="oc-21"/>
         </contents>
      </logical_group>
      <logical_group id="lg-7">
         <name>.stack</name>
         <run_address>0x21760</run_address>
         <size>0x1000</size>
         <contents>
            <object_component_ref idref="oc-1a"/>
            <object_component_ref idref="oc-68"/>
         </contents>
      </logical_group>
      <logical_group id="lg-8">
         <name>.sysmem</name>
         <run_address>0x0</run_address>
         <size>0x0</size>
         <contents>
         </contents>
      </logical_group>
      <logical_group id="lg-9">
         <name>.const</name>
         <run_address>0x0</run_address>
         <size>0x0</size>
         <contents>
         </contents>
      </logical_group>
      <logical_group id="lg-a">
         <name>.switch</name>
         <run_address>0x0</run_address>
         <size>0x0</size>
         <contents>
         </contents>
      </logical_group>
      <logical_group id="lg-b">
         <name>.far</name>
         <run_address>0x220</run_address>
         <size>0x18054</size>
         <contents>
            <object_component_ref idref="oc-15"/>
            <object_component_ref idref="oc-22"/>
            <object_component_ref idref="oc-27"/>
         </contents>
      </logical_group>
      <logical_group id="lg-c">
         <name>.cio</name>
         <run_address>0x0</run_address>
         <size>0x0</size>
         <contents>
         </contents>
      </logical_group>
      <logical_group id="lg-d">
         <name>.csldata</name>
         <run_address>0x0</run_address>
         <size>0x0</size>
         <contents>
         </contents>
      </logical_group>
      <logical_group id="lg-5f">
         <name>.debug_info</name>
         <load_address>0x0</load_address>
         <run_address>0x0</run_address>
         <size>0x610a</size>
         <contents>
            <object_component_ref idref="oc-10"/>
            <object_component_ref idref="oc-13"/>
            <object_component_ref idref="oc-19"/>
            <object_component_ref idref="oc-1d"/>
            <object_component_ref idref="oc-20"/>
            <object_component_ref idref="oc-25"/>
            <object_component_ref idref="oc-2a"/>
            <object_component_ref idref="oc-2d"/>
            <object_component_ref idref="oc-30"/>
            <object_component_ref idref="oc-33"/>
            <object_component_ref idref="oc-36"/>
            <object_component_ref idref="oc-39"/>
            <object_component_ref idref="oc-3c"/>
            <object_component_ref idref="oc-3f"/>
            <object_component_ref idref="oc-44"/>
            <object_component_ref idref="oc-69"/>
         </contents>
      </logical_group>
      <logical_group id="lg-61">
         <name>.debug_line</name>
         <load_address>0x0</load_address>
         <run_address>0x0</run_address>
         <size>0x451</size>
         <contents>
            <object_component_ref idref="oc-11"/>
            <object_component_ref idref="oc-17"/>
            <object_component_ref idref="oc-1b"/>
            <object_component_ref idref="oc-1e"/>
            <object_component_ref idref="oc-23"/>
            <object_component_ref idref="oc-28"/>
            <object_component_ref idref="oc-2b"/>
            <object_component_ref idref="oc-2e"/>
            <object_component_ref idref="oc-31"/>
            <object_component_ref idref="oc-34"/>
            <object_component_ref idref="oc-37"/>
            <object_component_ref idref="oc-3a"/>
            <object_component_ref idref="oc-3d"/>
            <object_component_ref idref="oc-40"/>
            <object_component_ref idref="oc-45"/>
         </contents>
      </logical_group>
      <logical_group id="lg-63">
         <name>.debug_abbrev</name>
         <load_address>0x0</load_address>
         <run_address>0x0</run_address>
         <size>0xbf9</size>
         <contents>
            <object_component_ref idref="oc-12"/>
            <object_component_ref idref="oc-18"/>
            <object_component_ref idref="oc-1c"/>
            <object_component_ref idref="oc-1f"/>
            <object_component_ref idref="oc-24"/>
            <object_component_ref idref="oc-29"/>
            <object_component_ref idref="oc-2c"/>
            <object_component_ref idref="oc-2f"/>
            <object_component_ref idref="oc-32"/>
            <object_component_ref idref="oc-35"/>
            <object_component_ref idref="oc-38"/>
            <object_component_ref idref="oc-3b"/>
            <object_component_ref idref="oc-3e"/>
            <object_component_ref idref="oc-41"/>
            <object_component_ref idref="oc-43"/>
            <object_component_ref idref="oc-6a"/>
         </contents>
      </logical_group>
      <logical_group id="lg-65">
         <name>.debug_frame</name>
         <load_address>0x0</load_address>
         <run_address>0x0</run_address>
         <size>0x25d</size>
         <contents>
            <object_component_ref idref="oc-16"/>
         </contents>
      </logical_group>
   </logical_group_list>
   <placement_map>
      <memory_area>
         <name>IVECS</name>
         <page_id>0x0</page_id>
         <origin>0x0</origin>
         <length>0x220</length>
         <used_space>0x0</used_space>
         <unused_space>0x220</unused_space>
         <attributes>RWIX</attributes>
         <usage_details>
         </usage_details>
      </memory_area>
      <memory_area>
         <name>IRAM</name>
         <page_id>0x0</page_id>
         <origin>0x220</origin>
         <length>0x2fde0</length>
         <used_space>0x22528</used_space>
         <unused_space>0xd8b8</unused_space>
         <attributes>RWIX</attributes>
         <usage_details>
            <allocated_space>
               <start_address>0x220</start_address>
               <size>0x0</size>
               <logical_group_ref idref="lg-5"/>
            </allocated_space>
            <allocated_space>
               <start_address>0x220</start_address>
               <size>0x18054</size>
               <logical_group_ref idref="lg-b"/>
            </allocated_space>
            <available_space>
               <start_address>0x18274</start_address>
               <size>0x4</size>
            </available_space>
            <allocated_space>
               <start_address>0x18278</start_address>
               <size>0x8094</size>
               <logical_group_ref idref="lg-6"/>
            </allocated_space>
            <available_space>
               <start_address>0x2030c</start_address>
               <size>0x14</size>
            </available_space>
            <allocated_space>
               <start_address>0x20320</start_address>
               <size>0x1440</size>
               <logical_group_ref idref="lg-4"/>
            </allocated_space>
            <allocated_space>
               <start_address>0x21760</start_address>
               <size>0x1000</size>
               <logical_group_ref idref="lg-7"/>
            </allocated_space>
            <available_space>
               <start_address>0x22760</start_address>
               <size>0xd8a0</size>
            </available_space>
         </usage_details>
      </memory_area>
      <memory_area>
         <name>SDRAM</name>
         <page_id>0x0</page_id>
         <origin>0x80000000</origin>
         <length>0x1000000</length>
         <used_space>0x0</used_space>
         <unused_space>0x1000000</unused_space>
         <attributes>RWIX</attributes>
         <usage_details>
         </usage_details>
      </memory_area>
      <memory_area>
         <name>FLASH</name>
         <page_id>0x0</page_id>
         <origin>0x90000000</origin>
         <length>0x20000</length>
         <used_space>0x0</used_space>
         <unused_space>0x20000</unused_space>
         <attributes>RWIX</attributes>
         <usage_details>
         </usage_details>
      </memory_area>
   </placement_map>
   <symbol_table>
      <symbol id="sm-0">
         <name>cinit</name>
         <value>0x18278</value>
      </symbol>
      <symbol id="sm-1">
         <name>___cinit__</name>
         <value>0x18278</value>
      </symbol>
      <symbol id="sm-2">
         <name>pinit</name>
         <value>0xffffffff</value>
      </symbol>
      <symbol id="sm-3">
         <name>___pinit__</name>
         <value>0xffffffff</value>
      </symbol>
      <symbol id="sm-4">
         <name>binit</name>
         <value>0xffffffff</value>
      </symbol>
      <symbol id="sm-5">
         <name>___binit__</name>
         <value>0xffffffff</value>
      </symbol>
      <symbol id="sm-6">
         <name>__STACK_SIZE</name>
         <value>0x1000</value>
      </symbol>
      <symbol id="sm-7">
         <name>__STACK_END</name>
         <value>0x22760</value>
      </symbol>
      <symbol id="sm-8">
         <name>___c_args__</name>
         <value>0xffffffff</value>
      </symbol>
      <symbol id="sm-9">
         <name>.text</name>
         <value>0x20320</value>
      </symbol>
      <symbol id="sm-a">
         <name>___text__</name>
         <value>0x20320</value>
      </symbol>
      <symbol id="sm-b">
         <name>etext</name>
         <value>0x21760</value>
      </symbol>
      <symbol id="sm-c">
         <name>___etext__</name>
         <value>0x21760</value>
      </symbol>
      <symbol id="sm-d">
         <name>.bss</name>
         <value>0x220</value>
      </symbol>
      <symbol id="sm-e">
         <name>___bss__</name>
         <value>0x220</value>
      </symbol>
      <symbol id="sm-f">
         <name>end</name>
         <value>0x220</value>
      </symbol>
      <symbol id="sm-10">
         <name>___end__</name>
         <value>0x220</value>
      </symbol>
      <symbol id="sm-11">
         <name>___TI_pprof_out_hndl</name>
         <value>0xffffffff</value>
      </symbol>
      <symbol id="sm-12">
         <name>___TI_prof_data_start</name>
         <value>0xffffffff</value>
      </symbol>
      <symbol id="sm-13">
         <name>___TI_prof_data_size</name>
         <value>0xffffffff</value>
      </symbol>
      <symbol id="sm-14">
         <name>$bss</name>
         <value>0x220</value>
      </symbol>
      <symbol id="sm-3c">
         <name>_SubEntierNonSigne32bits</name>
         <value>0x21720</value>
         <object_component_ref idref="oc-f"/>
      </symbol>
      <symbol id="sm-51">
         <name>_main</name>
         <value>0x21020</value>
         <object_component_ref idref="oc-4c"/>
      </symbol>
      <symbol id="sm-52">
         <name>_w</name>
         <value>0x220</value>
         <object_component_ref idref="oc-15"/>
      </symbol>
      <symbol id="sm-53">
         <name>_c</name>
         <value>0x18220</value>
         <object_component_ref idref="oc-15"/>
      </symbol>
      <symbol id="sm-54">
         <name>_a</name>
         <value>0x8220</value>
         <object_component_ref idref="oc-15"/>
      </symbol>
      <symbol id="sm-60">
         <name>_c_int00</name>
         <value>0x21620</value>
         <object_component_ref idref="oc-e"/>
      </symbol>
      <symbol id="sm-61">
         <name>__stack</name>
         <value>0x21760</value>
         <object_component_ref idref="oc-1a"/>
      </symbol>
      <symbol id="sm-6b">
         <name>__divf</name>
         <value>0x20800</value>
         <object_component_ref idref="oc-4e"/>
      </symbol>
      <symbol id="sm-7b">
         <name>C$$EXIT</name>
         <value>0x21740</value>
         <object_component_ref idref="oc-4d"/>
      </symbol>
      <symbol id="sm-7c">
         <name>_exit</name>
         <value>0x21320</value>
         <object_component_ref idref="oc-48"/>
      </symbol>
      <symbol id="sm-7d">
         <name>___TI_enable_exit_profile_output</name>
         <value>0x18270</value>
         <object_component_ref idref="oc-22"/>
      </symbol>
      <symbol id="sm-7e">
         <name>_abort</name>
         <value>0x21740</value>
         <object_component_ref idref="oc-4d"/>
      </symbol>
      <symbol id="sm-7f">
         <name>__cleanup_ptr</name>
         <value>0x18268</value>
         <object_component_ref idref="oc-22"/>
      </symbol>
      <symbol id="sm-80">
         <name>__dtors_ptr</name>
         <value>0x1826c</value>
         <object_component_ref idref="oc-22"/>
      </symbol>
      <symbol id="sm-8e">
         <name>_sin</name>
         <value>0x20b00</value>
         <object_component_ref idref="oc-4f"/>
      </symbol>
      <symbol id="sm-98">
         <name>__trunc</name>
         <value>0x216e0</value>
         <object_component_ref idref="oc-50"/>
      </symbol>
      <symbol id="sm-a2">
         <name>__args_main</name>
         <value>0x216a0</value>
         <object_component_ref idref="oc-47"/>
      </symbol>
      <symbol id="sm-a3">
         <name>__TI_args_main</name>
         <value>0x1</value>
      </symbol>
      <symbol id="sm-ad">
         <name>__auto_init</name>
         <value>0x21140</value>
         <object_component_ref idref="oc-46"/>
      </symbol>
      <symbol id="sm-b7">
         <name>___TI_cpp_init</name>
         <value>0x215a0</value>
         <object_component_ref idref="oc-4b"/>
      </symbol>
      <symbol id="sm-c1">
         <name>_copy_in</name>
         <value>0x214e0</value>
         <object_component_ref idref="oc-49"/>
      </symbol>
      <symbol id="sm-cb">
         <name>_memcpy</name>
         <value>0x20de0</value>
         <object_component_ref idref="oc-4a"/>
      </symbol>
      <symbol id="sm-d5">
         <name>_modf</name>
         <value>0x21400</value>
         <object_component_ref idref="oc-52"/>
      </symbol>
      <symbol id="sm-df">
         <name>__nround</name>
         <value>0x21240</value>
         <object_component_ref idref="oc-51"/>
      </symbol>
      <symbol id="sm-e9">
         <name>_DSPF_sp_cfftr2_dit</name>
         <value>0x20320</value>
         <object_component_ref idref="oc-42"/>
      </symbol>
   </symbol_table>
</link_info>
