<?xml version="1.0"?>
<link_info>
   <banner>TMS320C6x Linker PC v7.4.20</banner>
   <copyright>Copyright (c) 1996-2015 Texas Instruments Incorporated</copyright>
   <link_time>0x58c94e83</link_time>
   <output_file>P1_Correlation_projet.out</output_file>
   <entry_point>
      <name>_c_int00</name>
      <address>0x9660</address>
   </entry_point>
   <input_file_list>
      <input_file id="fl-2">
         <path>.\source\C\</path>
         <kind>object</kind>
         <file>C6713Helper_UdeS.obj</file>
         <name>C6713Helper_UdeS.obj</name>
      </input_file>
      <input_file id="fl-3">
         <path>.\source\C\</path>
         <kind>object</kind>
         <file>main_correlation.obj</file>
         <name>main_correlation.obj</name>
      </input_file>
      <input_file id="fl-4">
         <path>.\source\asm\</path>
         <kind>object</kind>
         <file>P1_correlation.obj</file>
         <name>P1_correlation.obj</name>
      </input_file>
      <input_file id="fl-5">
         <path>.\source\asm\</path>
         <kind>object</kind>
         <file>Vectors_intr.obj</file>
         <name>Vectors_intr.obj</name>
      </input_file>
      <input_file id="fl-c">
         <path>C:\ti\ccsv7\tools\compiler\c6000_7.4.20\lib\</path>
         <kind>archive</kind>
         <file>rts6700.lib</file>
         <name>boot.obj</name>
      </input_file>
      <input_file id="fl-d">
         <path>C:\ti\ccsv7\tools\compiler\c6000_7.4.20\lib\</path>
         <kind>archive</kind>
         <file>rts6700.lib</file>
         <name>exit.obj</name>
      </input_file>
      <input_file id="fl-e">
         <path>C:\ti\ccsv7\tools\compiler\c6000_7.4.20\lib\</path>
         <kind>archive</kind>
         <file>rts6700.lib</file>
         <name>args_main.obj</name>
      </input_file>
      <input_file id="fl-f">
         <path>C:\ti\ccsv7\tools\compiler\c6000_7.4.20\lib\</path>
         <kind>archive</kind>
         <file>rts6700.lib</file>
         <name>autoinit.obj</name>
      </input_file>
      <input_file id="fl-10">
         <path>C:\ti\ccsv7\tools\compiler\c6000_7.4.20\lib\</path>
         <kind>archive</kind>
         <file>rts6700.lib</file>
         <name>cpp_init.obj</name>
      </input_file>
      <input_file id="fl-11">
         <path>C:\ti\ccsv7\tools\compiler\c6000_7.4.20\lib\</path>
         <kind>archive</kind>
         <file>rts6700.lib</file>
         <name>cpy_tbl.obj</name>
      </input_file>
      <input_file id="fl-12">
         <path>C:\ti\ccsv7\tools\compiler\c6000_7.4.20\lib\</path>
         <kind>archive</kind>
         <file>rts6700.lib</file>
         <name>memcpy62.obj</name>
      </input_file>
      <input_file id="fl-13">
         <path>C:\ti\ccsv7\ccs_base\C6xCSL\lib_3x\</path>
         <kind>archive</kind>
         <file>csl6713.lib</file>
         <name>csl_irq.obj</name>
      </input_file>
      <input_file id="fl-14">
         <path>C:\ti\ccsv7\ccs_base\C6xCSL\lib_3x\</path>
         <kind>archive</kind>
         <file>csl6713.lib</file>
         <name>csl_mcbsp.obj</name>
      </input_file>
      <input_file id="fl-15">
         <path>C:\ti\dsk6713\lib\</path>
         <kind>archive</kind>
         <file>dsk6713bsl.lib</file>
         <name>dsk6713.obj</name>
      </input_file>
      <input_file id="fl-16">
         <path>C:\ti\dsk6713\lib\</path>
         <kind>archive</kind>
         <file>dsk6713bsl.lib</file>
         <name>dsk6713_aic23_closecodec.obj</name>
      </input_file>
      <input_file id="fl-17">
         <path>C:\ti\dsk6713\lib\</path>
         <kind>archive</kind>
         <file>dsk6713bsl.lib</file>
         <name>dsk6713_aic23_opencodec.obj</name>
      </input_file>
      <input_file id="fl-18">
         <path>C:\ti\dsk6713\lib\</path>
         <kind>archive</kind>
         <file>dsk6713bsl.lib</file>
         <name>dsk6713_aic23_registers.obj</name>
      </input_file>
      <input_file id="fl-19">
         <path>C:\ti\dsk6713\lib\</path>
         <kind>archive</kind>
         <file>dsk6713bsl.lib</file>
         <name>dsk6713_aic23_setfreq.obj</name>
      </input_file>
      <input_file id="fl-1a">
         <path>C:\ti\ccsv7\tools\compiler\c6000_7.4.20\lib\</path>
         <kind>archive</kind>
         <file>rts6700.lib</file>
         <name>strasg.obj</name>
      </input_file>
   </input_file_list>
   <object_component_list>
      <object_component id="oc-20">
         <name>.vectors</name>
         <load_address>0x0</load_address>
         <run_address>0x0</run_address>
         <size>0x200</size>
         <input_file_ref idref="fl-5"/>
      </object_component>
      <object_component id="oc-47">
         <name>.text</name>
         <load_address>0x8220</load_address>
         <run_address>0x8220</run_address>
         <size>0x480</size>
         <input_file_ref idref="fl-15"/>
      </object_component>
      <object_component id="oc-51">
         <name>.text</name>
         <load_address>0x86a0</load_address>
         <run_address>0x86a0</run_address>
         <size>0x320</size>
         <input_file_ref idref="fl-17"/>
      </object_component>
      <object_component id="oc-6e">
         <name>.text:_memcpy</name>
         <load_address>0x89c0</load_address>
         <run_address>0x89c0</run_address>
         <size>0x240</size>
         <input_file_ref idref="fl-12"/>
      </object_component>
      <object_component id="oc-72">
         <name>.text:_MCBSP_reset</name>
         <load_address>0x8c00</load_address>
         <run_address>0x8c00</run_address>
         <size>0x1a0</size>
         <input_file_ref idref="fl-14"/>
      </object_component>
      <object_component id="oc-57">
         <name>.text</name>
         <load_address>0x8da0</load_address>
         <run_address>0x8da0</run_address>
         <size>0x160</size>
         <input_file_ref idref="fl-18"/>
      </object_component>
      <object_component id="oc-6b">
         <name>.text:_MCBSP_open</name>
         <load_address>0x8f00</load_address>
         <run_address>0x8f00</run_address>
         <size>0x100</size>
         <input_file_ref idref="fl-14"/>
      </object_component>
      <object_component id="oc-6c">
         <name>.text:_MCBSP_start</name>
         <load_address>0x9000</load_address>
         <run_address>0x9000</run_address>
         <size>0x100</size>
         <input_file_ref idref="fl-14"/>
      </object_component>
      <object_component id="oc-66">
         <name>.text:__auto_init</name>
         <load_address>0x9100</load_address>
         <run_address>0x9100</run_address>
         <size>0x100</size>
         <input_file_ref idref="fl-f"/>
      </object_component>
      <object_component id="oc-69">
         <name>.text:__strasg</name>
         <load_address>0x9200</load_address>
         <run_address>0x9200</run_address>
         <size>0xe0</size>
         <input_file_ref idref="fl-1a"/>
      </object_component>
      <object_component id="oc-68">
         <name>.text:_exit</name>
         <load_address>0x92e0</load_address>
         <run_address>0x92e0</run_address>
         <size>0xe0</size>
         <input_file_ref idref="fl-d"/>
      </object_component>
      <object_component id="oc-6d">
         <name>.text:_copy_in</name>
         <load_address>0x93c0</load_address>
         <run_address>0x93c0</run_address>
         <size>0xc0</size>
         <input_file_ref idref="fl-11"/>
      </object_component>
      <object_component id="oc-5d">
         <name>.text</name>
         <load_address>0x9480</load_address>
         <run_address>0x9480</run_address>
         <size>0xc0</size>
         <input_file_ref idref="fl-19"/>
      </object_component>
      <object_component id="oc-6a">
         <name>.text:_MCBSP_close</name>
         <load_address>0x9540</load_address>
         <run_address>0x9540</run_address>
         <size>0xa0</size>
         <input_file_ref idref="fl-14"/>
      </object_component>
      <object_component id="oc-6f">
         <name>.text:___TI_cpp_init</name>
         <load_address>0x95e0</load_address>
         <run_address>0x95e0</run_address>
         <size>0x80</size>
         <input_file_ref idref="fl-10"/>
      </object_component>
      <object_component id="oc-e">
         <name>.text:_c_int00</name>
         <load_address>0x9660</load_address>
         <run_address>0x9660</run_address>
         <size>0x80</size>
         <input_file_ref idref="fl-c"/>
      </object_component>
      <object_component id="oc-4d">
         <name>.text</name>
         <load_address>0x96e0</load_address>
         <run_address>0x96e0</run_address>
         <size>0x80</size>
         <input_file_ref idref="fl-16"/>
      </object_component>
      <object_component id="oc-1b">
         <name>.text</name>
         <load_address>0x9760</load_address>
         <run_address>0x9760</run_address>
         <size>0x40</size>
         <input_file_ref idref="fl-4"/>
      </object_component>
      <object_component id="oc-67">
         <name>.text:__args_main</name>
         <load_address>0x97a0</load_address>
         <run_address>0x97a0</run_address>
         <size>0x40</size>
         <input_file_ref idref="fl-e"/>
      </object_component>
      <object_component id="oc-1f">
         <name>.text</name>
         <load_address>0x97e0</load_address>
         <run_address>0x97e0</run_address>
         <size>0x20</size>
         <input_file_ref idref="fl-5"/>
      </object_component>
      <object_component id="oc-71">
         <name>.text:_abort</name>
         <load_address>0x9800</load_address>
         <run_address>0x9800</run_address>
         <size>0x20</size>
         <input_file_ref idref="fl-d"/>
      </object_component>
      <object_component id="oc-3c">
         <name>.text</name>
         <load_address>0x9820</load_address>
         <run_address>0x9820</run_address>
         <size>0x20</size>
         <input_file_ref idref="fl-13"/>
      </object_component>
      <object_component id="oc-70">
         <name>.text</name>
         <load_address>0x9840</load_address>
         <run_address>0x9840</run_address>
         <size>0x20</size>
         <input_file_ref idref="fl-3"/>
      </object_component>
      <object_component id="oc-3d">
         <name>.cinit</name>
         <load_address>0x9b68</load_address>
         <run_address>0x9b68</run_address>
         <size>0x12c</size>
         <input_file_ref idref="fl-13"/>
      </object_component>
      <object_component id="oc-10">
         <name>.cinit</name>
         <load_address>0x9c98</load_address>
         <run_address>0x9c98</run_address>
         <size>0x58</size>
         <input_file_ref idref="fl-2"/>
      </object_component>
      <object_component id="oc-42">
         <name>.cinit</name>
         <load_address>0x9cf0</load_address>
         <run_address>0x9cf0</run_address>
         <size>0x54</size>
         <input_file_ref idref="fl-14"/>
      </object_component>
      <object_component id="oc-16">
         <name>.cinit</name>
         <load_address>0x9d48</load_address>
         <run_address>0x9d48</run_address>
         <size>0x3c</size>
         <input_file_ref idref="fl-3"/>
      </object_component>
      <object_component id="oc-58">
         <name>.cinit</name>
         <load_address>0x9d88</load_address>
         <run_address>0x9d88</run_address>
         <size>0x30</size>
         <input_file_ref idref="fl-18"/>
      </object_component>
      <object_component id="oc-29">
         <name>.cinit</name>
         <load_address>0x9db8</load_address>
         <run_address>0x9db8</run_address>
         <size>0x2c</size>
         <input_file_ref idref="fl-d"/>
      </object_component>
      <object_component id="oc-5e">
         <name>.cinit</name>
         <load_address>0x9de8</load_address>
         <run_address>0x9de8</run_address>
         <size>0x28</size>
         <input_file_ref idref="fl-19"/>
      </object_component>
      <object_component id="oc-25">
         <name>.stack</name>
         <uninitialized>true</uninitialized>
         <run_address>0x220</run_address>
         <size>0x8</size>
         <input_file_ref idref="fl-c"/>
      </object_component>
      <object_component id="oc-88">
         <name>.stack</name>
         <uninitialized>true</uninitialized>
         <run_address>0x220</run_address>
         <size>0x0</size>
      </object_component>
      <object_component id="oc-53">
         <name>.const</name>
         <load_address>0x9e14</load_address>
         <run_address>0x9e14</run_address>
         <size>0x40</size>
         <input_file_ref idref="fl-17"/>
      </object_component>
      <object_component id="oc-49">
         <name>.const</name>
         <load_address>0x9e54</load_address>
         <run_address>0x9e54</run_address>
         <size>0x20</size>
         <input_file_ref idref="fl-15"/>
      </object_component>
      <object_component id="oc-11">
         <name>.far</name>
         <uninitialized>true</uninitialized>
         <run_address>0x9a78</run_address>
         <size>0x58</size>
         <input_file_ref idref="fl-2"/>
      </object_component>
      <object_component id="oc-17">
         <name>.far</name>
         <uninitialized>true</uninitialized>
         <run_address>0x9880</run_address>
         <size>0x104</size>
         <input_file_ref idref="fl-3"/>
      </object_component>
      <object_component id="oc-2a">
         <name>.far</name>
         <uninitialized>true</uninitialized>
         <run_address>0x9b50</run_address>
         <size>0xc</size>
         <input_file_ref idref="fl-d"/>
      </object_component>
      <object_component id="oc-3e">
         <name>.far</name>
         <uninitialized>true</uninitialized>
         <run_address>0x9984</run_address>
         <size>0xf4</size>
         <input_file_ref idref="fl-13"/>
      </object_component>
      <object_component id="oc-43">
         <name>.far</name>
         <uninitialized>true</uninitialized>
         <run_address>0x9ad0</run_address>
         <size>0x38</size>
         <input_file_ref idref="fl-14"/>
      </object_component>
      <object_component id="oc-48">
         <name>.far</name>
         <uninitialized>true</uninitialized>
         <run_address>0x9b64</run_address>
         <size>0x2</size>
         <input_file_ref idref="fl-15"/>
      </object_component>
      <object_component id="oc-52">
         <name>.far</name>
         <uninitialized>true</uninitialized>
         <run_address>0x9b5c</run_address>
         <size>0x8</size>
         <input_file_ref idref="fl-17"/>
      </object_component>
      <object_component id="oc-59">
         <name>.far</name>
         <uninitialized>true</uninitialized>
         <run_address>0x9b08</run_address>
         <size>0x28</size>
         <input_file_ref idref="fl-18"/>
      </object_component>
      <object_component id="oc-5f">
         <name>.far</name>
         <uninitialized>true</uninitialized>
         <run_address>0x9b30</run_address>
         <size>0x20</size>
         <input_file_ref idref="fl-19"/>
      </object_component>
      <object_component id="oc-f">
         <name>.debug_info</name>
         <load_address>0x0</load_address>
         <run_address>0x0</run_address>
         <size>0xc3a</size>
         <input_file_ref idref="fl-2"/>
      </object_component>
      <object_component id="oc-15">
         <name>.debug_info</name>
         <load_address>0xc3a</load_address>
         <run_address>0xc3a</run_address>
         <size>0x7d8</size>
         <input_file_ref idref="fl-3"/>
      </object_component>
      <object_component id="oc-1c">
         <name>.debug_info</name>
         <load_address>0x1412</load_address>
         <run_address>0x1412</run_address>
         <size>0x114</size>
         <input_file_ref idref="fl-4"/>
      </object_component>
      <object_component id="oc-21">
         <name>.debug_info</name>
         <load_address>0x1526</load_address>
         <run_address>0x1526</run_address>
         <size>0x148</size>
         <input_file_ref idref="fl-5"/>
      </object_component>
      <object_component id="oc-24">
         <name>.debug_info</name>
         <load_address>0x166e</load_address>
         <run_address>0x166e</run_address>
         <size>0x70b</size>
         <input_file_ref idref="fl-c"/>
      </object_component>
      <object_component id="oc-28">
         <name>.debug_info</name>
         <load_address>0x1d79</load_address>
         <run_address>0x1d79</run_address>
         <size>0x7ff</size>
         <input_file_ref idref="fl-d"/>
      </object_component>
      <object_component id="oc-2d">
         <name>.debug_info</name>
         <load_address>0x2578</load_address>
         <run_address>0x2578</run_address>
         <size>0x6e1</size>
         <input_file_ref idref="fl-e"/>
      </object_component>
      <object_component id="oc-30">
         <name>.debug_info</name>
         <load_address>0x2c59</load_address>
         <run_address>0x2c59</run_address>
         <size>0x871</size>
         <input_file_ref idref="fl-f"/>
      </object_component>
      <object_component id="oc-33">
         <name>.debug_info</name>
         <load_address>0x34ca</load_address>
         <run_address>0x34ca</run_address>
         <size>0x6e9</size>
         <input_file_ref idref="fl-10"/>
      </object_component>
      <object_component id="oc-36">
         <name>.debug_info</name>
         <load_address>0x3bb3</load_address>
         <run_address>0x3bb3</run_address>
         <size>0x7df</size>
         <input_file_ref idref="fl-11"/>
      </object_component>
      <object_component id="oc-39">
         <name>.debug_info</name>
         <load_address>0x4392</load_address>
         <run_address>0x4392</run_address>
         <size>0x792</size>
         <input_file_ref idref="fl-12"/>
      </object_component>
      <object_component id="oc-40">
         <name>.debug_info</name>
         <load_address>0x4b24</load_address>
         <run_address>0x4b24</run_address>
         <size>0x802</size>
         <input_file_ref idref="fl-13"/>
      </object_component>
      <object_component id="oc-45">
         <name>.debug_info</name>
         <load_address>0x5326</load_address>
         <run_address>0x5326</run_address>
         <size>0xb6c</size>
         <input_file_ref idref="fl-14"/>
      </object_component>
      <object_component id="oc-4b">
         <name>.debug_info</name>
         <load_address>0x5e92</load_address>
         <run_address>0x5e92</run_address>
         <size>0xa4e</size>
         <input_file_ref idref="fl-15"/>
      </object_component>
      <object_component id="oc-4f">
         <name>.debug_info</name>
         <load_address>0x68e0</load_address>
         <run_address>0x68e0</run_address>
         <size>0x7c9</size>
         <input_file_ref idref="fl-16"/>
      </object_component>
      <object_component id="oc-55">
         <name>.debug_info</name>
         <load_address>0x70a9</load_address>
         <run_address>0x70a9</run_address>
         <size>0xa20</size>
         <input_file_ref idref="fl-17"/>
      </object_component>
      <object_component id="oc-5b">
         <name>.debug_info</name>
         <load_address>0x7ac9</load_address>
         <run_address>0x7ac9</run_address>
         <size>0xaa0</size>
         <input_file_ref idref="fl-18"/>
      </object_component>
      <object_component id="oc-61">
         <name>.debug_info</name>
         <load_address>0x8569</load_address>
         <run_address>0x8569</run_address>
         <size>0x723</size>
         <input_file_ref idref="fl-19"/>
      </object_component>
      <object_component id="oc-63">
         <name>.debug_info</name>
         <load_address>0x8c8c</load_address>
         <run_address>0x8c8c</run_address>
         <size>0xd6</size>
         <input_file_ref idref="fl-1a"/>
      </object_component>
      <object_component id="oc-89">
         <name>.debug_info</name>
         <load_address>0x8d62</load_address>
         <run_address>0x8d62</run_address>
         <size>0x6e</size>
      </object_component>
      <object_component id="oc-12">
         <name>.debug_frame</name>
         <load_address>0x0</load_address>
         <run_address>0x0</run_address>
         <size>0x23f</size>
         <input_file_ref idref="fl-2"/>
      </object_component>
      <object_component id="oc-18">
         <name>.debug_frame</name>
         <load_address>0x23f</load_address>
         <run_address>0x23f</run_address>
         <size>0x254</size>
         <input_file_ref idref="fl-3"/>
      </object_component>
      <object_component id="oc-13">
         <name>.debug_line</name>
         <load_address>0x0</load_address>
         <run_address>0x0</run_address>
         <size>0x3c</size>
         <input_file_ref idref="fl-2"/>
      </object_component>
      <object_component id="oc-19">
         <name>.debug_line</name>
         <load_address>0x3c</load_address>
         <run_address>0x3c</run_address>
         <size>0x4f</size>
         <input_file_ref idref="fl-3"/>
      </object_component>
      <object_component id="oc-1d">
         <name>.debug_line</name>
         <load_address>0x8b</load_address>
         <run_address>0x8b</run_address>
         <size>0x55</size>
         <input_file_ref idref="fl-4"/>
      </object_component>
      <object_component id="oc-22">
         <name>.debug_line</name>
         <load_address>0xe0</load_address>
         <run_address>0xe0</run_address>
         <size>0xd8</size>
         <input_file_ref idref="fl-5"/>
      </object_component>
      <object_component id="oc-26">
         <name>.debug_line</name>
         <load_address>0x1b8</load_address>
         <run_address>0x1b8</run_address>
         <size>0x3d</size>
         <input_file_ref idref="fl-c"/>
      </object_component>
      <object_component id="oc-2b">
         <name>.debug_line</name>
         <load_address>0x1f5</load_address>
         <run_address>0x1f5</run_address>
         <size>0x4f</size>
         <input_file_ref idref="fl-d"/>
      </object_component>
      <object_component id="oc-2e">
         <name>.debug_line</name>
         <load_address>0x244</load_address>
         <run_address>0x244</run_address>
         <size>0x41</size>
         <input_file_ref idref="fl-e"/>
      </object_component>
      <object_component id="oc-31">
         <name>.debug_line</name>
         <load_address>0x285</load_address>
         <run_address>0x285</run_address>
         <size>0x47</size>
         <input_file_ref idref="fl-f"/>
      </object_component>
      <object_component id="oc-34">
         <name>.debug_line</name>
         <load_address>0x2cc</load_address>
         <run_address>0x2cc</run_address>
         <size>0x45</size>
         <input_file_ref idref="fl-10"/>
      </object_component>
      <object_component id="oc-37">
         <name>.debug_line</name>
         <load_address>0x311</load_address>
         <run_address>0x311</run_address>
         <size>0x44</size>
         <input_file_ref idref="fl-11"/>
      </object_component>
      <object_component id="oc-3a">
         <name>.debug_line</name>
         <load_address>0x355</load_address>
         <run_address>0x355</run_address>
         <size>0x4e</size>
         <input_file_ref idref="fl-12"/>
      </object_component>
      <object_component id="oc-41">
         <name>.debug_line</name>
         <load_address>0x3a3</load_address>
         <run_address>0x3a3</run_address>
         <size>0x64</size>
         <input_file_ref idref="fl-13"/>
      </object_component>
      <object_component id="oc-46">
         <name>.debug_line</name>
         <load_address>0x407</load_address>
         <run_address>0x407</run_address>
         <size>0xda</size>
         <input_file_ref idref="fl-14"/>
      </object_component>
      <object_component id="oc-4c">
         <name>.debug_line</name>
         <load_address>0x4e1</load_address>
         <run_address>0x4e1</run_address>
         <size>0xb2</size>
         <input_file_ref idref="fl-15"/>
      </object_component>
      <object_component id="oc-50">
         <name>.debug_line</name>
         <load_address>0x593</load_address>
         <run_address>0x593</run_address>
         <size>0x4c</size>
         <input_file_ref idref="fl-16"/>
      </object_component>
      <object_component id="oc-56">
         <name>.debug_line</name>
         <load_address>0x5df</load_address>
         <run_address>0x5df</run_address>
         <size>0x4f</size>
         <input_file_ref idref="fl-17"/>
      </object_component>
      <object_component id="oc-5c">
         <name>.debug_line</name>
         <load_address>0x62e</load_address>
         <run_address>0x62e</run_address>
         <size>0x7e</size>
         <input_file_ref idref="fl-18"/>
      </object_component>
      <object_component id="oc-62">
         <name>.debug_line</name>
         <load_address>0x6ac</load_address>
         <run_address>0x6ac</run_address>
         <size>0x50</size>
         <input_file_ref idref="fl-19"/>
      </object_component>
      <object_component id="oc-64">
         <name>.debug_line</name>
         <load_address>0x6fc</load_address>
         <run_address>0x6fc</run_address>
         <size>0x48</size>
         <input_file_ref idref="fl-1a"/>
      </object_component>
      <object_component id="oc-14">
         <name>.debug_abbrev</name>
         <load_address>0x0</load_address>
         <run_address>0x0</run_address>
         <size>0x18e</size>
         <input_file_ref idref="fl-2"/>
      </object_component>
      <object_component id="oc-1a">
         <name>.debug_abbrev</name>
         <load_address>0x18e</load_address>
         <run_address>0x18e</run_address>
         <size>0xc7</size>
         <input_file_ref idref="fl-3"/>
      </object_component>
      <object_component id="oc-1e">
         <name>.debug_abbrev</name>
         <load_address>0x255</load_address>
         <run_address>0x255</run_address>
         <size>0x27</size>
         <input_file_ref idref="fl-4"/>
      </object_component>
      <object_component id="oc-23">
         <name>.debug_abbrev</name>
         <load_address>0x27c</load_address>
         <run_address>0x27c</run_address>
         <size>0x21</size>
         <input_file_ref idref="fl-5"/>
      </object_component>
      <object_component id="oc-27">
         <name>.debug_abbrev</name>
         <load_address>0x29d</load_address>
         <run_address>0x29d</run_address>
         <size>0xfe</size>
         <input_file_ref idref="fl-c"/>
      </object_component>
      <object_component id="oc-2c">
         <name>.debug_abbrev</name>
         <load_address>0x39b</load_address>
         <run_address>0x39b</run_address>
         <size>0x119</size>
         <input_file_ref idref="fl-d"/>
      </object_component>
      <object_component id="oc-2f">
         <name>.debug_abbrev</name>
         <load_address>0x4b4</load_address>
         <run_address>0x4b4</run_address>
         <size>0xe1</size>
         <input_file_ref idref="fl-e"/>
      </object_component>
      <object_component id="oc-32">
         <name>.debug_abbrev</name>
         <load_address>0x595</load_address>
         <run_address>0x595</run_address>
         <size>0x13f</size>
         <input_file_ref idref="fl-f"/>
      </object_component>
      <object_component id="oc-35">
         <name>.debug_abbrev</name>
         <load_address>0x6d4</load_address>
         <run_address>0x6d4</run_address>
         <size>0xdd</size>
         <input_file_ref idref="fl-10"/>
      </object_component>
      <object_component id="oc-38">
         <name>.debug_abbrev</name>
         <load_address>0x7b1</load_address>
         <run_address>0x7b1</run_address>
         <size>0x10c</size>
         <input_file_ref idref="fl-11"/>
      </object_component>
      <object_component id="oc-3b">
         <name>.debug_abbrev</name>
         <load_address>0x8bd</load_address>
         <run_address>0x8bd</run_address>
         <size>0xd5</size>
         <input_file_ref idref="fl-12"/>
      </object_component>
      <object_component id="oc-3f">
         <name>.debug_abbrev</name>
         <load_address>0x992</load_address>
         <run_address>0x992</run_address>
         <size>0x1b7</size>
         <input_file_ref idref="fl-13"/>
      </object_component>
      <object_component id="oc-44">
         <name>.debug_abbrev</name>
         <load_address>0xb49</load_address>
         <run_address>0xb49</run_address>
         <size>0x1a3</size>
         <input_file_ref idref="fl-14"/>
      </object_component>
      <object_component id="oc-4a">
         <name>.debug_abbrev</name>
         <load_address>0xcec</load_address>
         <run_address>0xcec</run_address>
         <size>0x19a</size>
         <input_file_ref idref="fl-15"/>
      </object_component>
      <object_component id="oc-4e">
         <name>.debug_abbrev</name>
         <load_address>0xe86</load_address>
         <run_address>0xe86</run_address>
         <size>0xd9</size>
         <input_file_ref idref="fl-16"/>
      </object_component>
      <object_component id="oc-54">
         <name>.debug_abbrev</name>
         <load_address>0xf5f</load_address>
         <run_address>0xf5f</run_address>
         <size>0x12a</size>
         <input_file_ref idref="fl-17"/>
      </object_component>
      <object_component id="oc-5a">
         <name>.debug_abbrev</name>
         <load_address>0x1089</load_address>
         <run_address>0x1089</run_address>
         <size>0x152</size>
         <input_file_ref idref="fl-18"/>
      </object_component>
      <object_component id="oc-60">
         <name>.debug_abbrev</name>
         <load_address>0x11db</load_address>
         <run_address>0x11db</run_address>
         <size>0xf5</size>
         <input_file_ref idref="fl-19"/>
      </object_component>
      <object_component id="oc-65">
         <name>.debug_abbrev</name>
         <load_address>0x12d0</load_address>
         <run_address>0x12d0</run_address>
         <size>0x3b</size>
         <input_file_ref idref="fl-1a"/>
      </object_component>
      <object_component id="oc-8a">
         <name>.debug_abbrev</name>
         <load_address>0x130b</load_address>
         <run_address>0x130b</run_address>
         <size>0xd</size>
      </object_component>
   </object_component_list>
   <logical_group_list>
      <logical_group id="lg-2">
         <name>.EXT_RAM</name>
         <run_address>0x0</run_address>
         <size>0x0</size>
         <contents>
         </contents>
      </logical_group>
      <logical_group id="lg-3">
         <name>.vectors</name>
         <load_address>0x0</load_address>
         <run_address>0x0</run_address>
         <size>0x200</size>
         <contents>
            <object_component_ref idref="oc-20"/>
         </contents>
      </logical_group>
      <logical_group id="lg-4">
         <name>.text</name>
         <load_address>0x8220</load_address>
         <run_address>0x8220</run_address>
         <size>0x1640</size>
         <contents>
            <object_component_ref idref="oc-47"/>
            <object_component_ref idref="oc-51"/>
            <object_component_ref idref="oc-6e"/>
            <object_component_ref idref="oc-72"/>
            <object_component_ref idref="oc-57"/>
            <object_component_ref idref="oc-6b"/>
            <object_component_ref idref="oc-6c"/>
            <object_component_ref idref="oc-66"/>
            <object_component_ref idref="oc-69"/>
            <object_component_ref idref="oc-68"/>
            <object_component_ref idref="oc-6d"/>
            <object_component_ref idref="oc-5d"/>
            <object_component_ref idref="oc-6a"/>
            <object_component_ref idref="oc-6f"/>
            <object_component_ref idref="oc-e"/>
            <object_component_ref idref="oc-4d"/>
            <object_component_ref idref="oc-1b"/>
            <object_component_ref idref="oc-67"/>
            <object_component_ref idref="oc-1f"/>
            <object_component_ref idref="oc-71"/>
            <object_component_ref idref="oc-3c"/>
            <object_component_ref idref="oc-70"/>
         </contents>
      </logical_group>
      <logical_group id="lg-5">
         <name>.bss</name>
         <run_address>0x220</run_address>
         <size>0x0</size>
         <contents>
         </contents>
      </logical_group>
      <logical_group id="lg-6">
         <name>.cinit</name>
         <load_address>0x9b68</load_address>
         <run_address>0x9b68</run_address>
         <size>0x2ac</size>
         <contents>
            <object_component_ref idref="oc-3d"/>
            <object_component_ref idref="oc-10"/>
            <object_component_ref idref="oc-42"/>
            <object_component_ref idref="oc-16"/>
            <object_component_ref idref="oc-58"/>
            <object_component_ref idref="oc-29"/>
            <object_component_ref idref="oc-5e"/>
         </contents>
      </logical_group>
      <logical_group id="lg-7">
         <name>.stack</name>
         <run_address>0x220</run_address>
         <size>0x8000</size>
         <contents>
            <object_component_ref idref="oc-25"/>
            <object_component_ref idref="oc-88"/>
         </contents>
      </logical_group>
      <logical_group id="lg-8">
         <name>.sysmem</name>
         <run_address>0x0</run_address>
         <size>0x0</size>
         <contents>
         </contents>
      </logical_group>
      <logical_group id="lg-9">
         <name>.const</name>
         <load_address>0x9e14</load_address>
         <run_address>0x9e14</run_address>
         <size>0x60</size>
         <contents>
            <object_component_ref idref="oc-53"/>
            <object_component_ref idref="oc-49"/>
         </contents>
      </logical_group>
      <logical_group id="lg-a">
         <name>.switch</name>
         <run_address>0x0</run_address>
         <size>0x0</size>
         <contents>
         </contents>
      </logical_group>
      <logical_group id="lg-b">
         <name>.far</name>
         <run_address>0x9880</run_address>
         <size>0x2e6</size>
         <contents>
            <object_component_ref idref="oc-11"/>
            <object_component_ref idref="oc-17"/>
            <object_component_ref idref="oc-2a"/>
            <object_component_ref idref="oc-3e"/>
            <object_component_ref idref="oc-43"/>
            <object_component_ref idref="oc-48"/>
            <object_component_ref idref="oc-52"/>
            <object_component_ref idref="oc-59"/>
            <object_component_ref idref="oc-5f"/>
         </contents>
      </logical_group>
      <logical_group id="lg-c">
         <name>.cio</name>
         <run_address>0x0</run_address>
         <size>0x0</size>
         <contents>
         </contents>
      </logical_group>
      <logical_group id="lg-d">
         <name>.csldata</name>
         <run_address>0x0</run_address>
         <size>0x0</size>
         <contents>
         </contents>
      </logical_group>
      <logical_group id="lg-7f">
         <name>.debug_info</name>
         <load_address>0x0</load_address>
         <run_address>0x0</run_address>
         <size>0x8dd0</size>
         <contents>
            <object_component_ref idref="oc-f"/>
            <object_component_ref idref="oc-15"/>
            <object_component_ref idref="oc-1c"/>
            <object_component_ref idref="oc-21"/>
            <object_component_ref idref="oc-24"/>
            <object_component_ref idref="oc-28"/>
            <object_component_ref idref="oc-2d"/>
            <object_component_ref idref="oc-30"/>
            <object_component_ref idref="oc-33"/>
            <object_component_ref idref="oc-36"/>
            <object_component_ref idref="oc-39"/>
            <object_component_ref idref="oc-40"/>
            <object_component_ref idref="oc-45"/>
            <object_component_ref idref="oc-4b"/>
            <object_component_ref idref="oc-4f"/>
            <object_component_ref idref="oc-55"/>
            <object_component_ref idref="oc-5b"/>
            <object_component_ref idref="oc-61"/>
            <object_component_ref idref="oc-63"/>
            <object_component_ref idref="oc-89"/>
         </contents>
      </logical_group>
      <logical_group id="lg-81">
         <name>.debug_frame</name>
         <load_address>0x0</load_address>
         <run_address>0x0</run_address>
         <size>0x493</size>
         <contents>
            <object_component_ref idref="oc-12"/>
            <object_component_ref idref="oc-18"/>
         </contents>
      </logical_group>
      <logical_group id="lg-83">
         <name>.debug_line</name>
         <load_address>0x0</load_address>
         <run_address>0x0</run_address>
         <size>0x744</size>
         <contents>
            <object_component_ref idref="oc-13"/>
            <object_component_ref idref="oc-19"/>
            <object_component_ref idref="oc-1d"/>
            <object_component_ref idref="oc-22"/>
            <object_component_ref idref="oc-26"/>
            <object_component_ref idref="oc-2b"/>
            <object_component_ref idref="oc-2e"/>
            <object_component_ref idref="oc-31"/>
            <object_component_ref idref="oc-34"/>
            <object_component_ref idref="oc-37"/>
            <object_component_ref idref="oc-3a"/>
            <object_component_ref idref="oc-41"/>
            <object_component_ref idref="oc-46"/>
            <object_component_ref idref="oc-4c"/>
            <object_component_ref idref="oc-50"/>
            <object_component_ref idref="oc-56"/>
            <object_component_ref idref="oc-5c"/>
            <object_component_ref idref="oc-62"/>
            <object_component_ref idref="oc-64"/>
         </contents>
      </logical_group>
      <logical_group id="lg-85">
         <name>.debug_abbrev</name>
         <load_address>0x0</load_address>
         <run_address>0x0</run_address>
         <size>0x1318</size>
         <contents>
            <object_component_ref idref="oc-14"/>
            <object_component_ref idref="oc-1a"/>
            <object_component_ref idref="oc-1e"/>
            <object_component_ref idref="oc-23"/>
            <object_component_ref idref="oc-27"/>
            <object_component_ref idref="oc-2c"/>
            <object_component_ref idref="oc-2f"/>
            <object_component_ref idref="oc-32"/>
            <object_component_ref idref="oc-35"/>
            <object_component_ref idref="oc-38"/>
            <object_component_ref idref="oc-3b"/>
            <object_component_ref idref="oc-3f"/>
            <object_component_ref idref="oc-44"/>
            <object_component_ref idref="oc-4a"/>
            <object_component_ref idref="oc-4e"/>
            <object_component_ref idref="oc-54"/>
            <object_component_ref idref="oc-5a"/>
            <object_component_ref idref="oc-60"/>
            <object_component_ref idref="oc-65"/>
            <object_component_ref idref="oc-8a"/>
         </contents>
      </logical_group>
   </logical_group_list>
   <placement_map>
      <memory_area>
         <name>IVECS</name>
         <page_id>0x0</page_id>
         <origin>0x0</origin>
         <length>0x220</length>
         <used_space>0x200</used_space>
         <unused_space>0x20</unused_space>
         <attributes>RWIX</attributes>
         <usage_details>
            <allocated_space>
               <start_address>0x0</start_address>
               <size>0x200</size>
               <logical_group_ref idref="lg-3"/>
            </allocated_space>
            <available_space>
               <start_address>0x200</start_address>
               <size>0x20</size>
            </available_space>
         </usage_details>
      </memory_area>
      <memory_area>
         <name>IRAM</name>
         <page_id>0x0</page_id>
         <origin>0x220</origin>
         <length>0x2fde0</length>
         <used_space>0x9c32</used_space>
         <unused_space>0x261ae</unused_space>
         <attributes>RWIX</attributes>
         <usage_details>
            <allocated_space>
               <start_address>0x220</start_address>
               <size>0x0</size>
               <logical_group_ref idref="lg-5"/>
            </allocated_space>
            <allocated_space>
               <start_address>0x220</start_address>
               <size>0x8000</size>
               <logical_group_ref idref="lg-7"/>
            </allocated_space>
            <allocated_space>
               <start_address>0x8220</start_address>
               <size>0x1640</size>
               <logical_group_ref idref="lg-4"/>
            </allocated_space>
            <available_space>
               <start_address>0x9860</start_address>
               <size>0x20</size>
            </available_space>
            <allocated_space>
               <start_address>0x9880</start_address>
               <size>0x2e6</size>
               <logical_group_ref idref="lg-b"/>
            </allocated_space>
            <available_space>
               <start_address>0x9b66</start_address>
               <size>0x2</size>
            </available_space>
            <allocated_space>
               <start_address>0x9b68</start_address>
               <size>0x2ac</size>
               <logical_group_ref idref="lg-6"/>
            </allocated_space>
            <allocated_space>
               <start_address>0x9e14</start_address>
               <size>0x60</size>
               <logical_group_ref idref="lg-9"/>
            </allocated_space>
            <available_space>
               <start_address>0x9e74</start_address>
               <size>0x2618c</size>
            </available_space>
         </usage_details>
      </memory_area>
      <memory_area>
         <name>SDRAM</name>
         <page_id>0x0</page_id>
         <origin>0x80000000</origin>
         <length>0x1000000</length>
         <used_space>0x0</used_space>
         <unused_space>0x1000000</unused_space>
         <attributes>RWIX</attributes>
         <usage_details>
         </usage_details>
      </memory_area>
      <memory_area>
         <name>FLASH</name>
         <page_id>0x0</page_id>
         <origin>0x90000000</origin>
         <length>0x20000</length>
         <used_space>0x0</used_space>
         <unused_space>0x20000</unused_space>
         <attributes>RWIX</attributes>
         <usage_details>
         </usage_details>
      </memory_area>
   </placement_map>
   <symbol_table>
      <symbol id="sm-0">
         <name>cinit</name>
         <value>0x9b68</value>
      </symbol>
      <symbol id="sm-1">
         <name>___cinit__</name>
         <value>0x9b68</value>
      </symbol>
      <symbol id="sm-2">
         <name>pinit</name>
         <value>0xffffffff</value>
      </symbol>
      <symbol id="sm-3">
         <name>___pinit__</name>
         <value>0xffffffff</value>
      </symbol>
      <symbol id="sm-4">
         <name>binit</name>
         <value>0xffffffff</value>
      </symbol>
      <symbol id="sm-5">
         <name>___binit__</name>
         <value>0xffffffff</value>
      </symbol>
      <symbol id="sm-6">
         <name>__STACK_SIZE</name>
         <value>0x8000</value>
      </symbol>
      <symbol id="sm-7">
         <name>__STACK_END</name>
         <value>0x8220</value>
      </symbol>
      <symbol id="sm-8">
         <name>___c_args__</name>
         <value>0xffffffff</value>
      </symbol>
      <symbol id="sm-9">
         <name>.text</name>
         <value>0x8220</value>
      </symbol>
      <symbol id="sm-a">
         <name>___text__</name>
         <value>0x8220</value>
      </symbol>
      <symbol id="sm-b">
         <name>etext</name>
         <value>0x9860</value>
      </symbol>
      <symbol id="sm-c">
         <name>___etext__</name>
         <value>0x9860</value>
      </symbol>
      <symbol id="sm-d">
         <name>.bss</name>
         <value>0x220</value>
      </symbol>
      <symbol id="sm-e">
         <name>___bss__</name>
         <value>0x220</value>
      </symbol>
      <symbol id="sm-f">
         <name>end</name>
         <value>0x220</value>
      </symbol>
      <symbol id="sm-10">
         <name>___end__</name>
         <value>0x220</value>
      </symbol>
      <symbol id="sm-11">
         <name>___TI_pprof_out_hndl</name>
         <value>0xffffffff</value>
      </symbol>
      <symbol id="sm-12">
         <name>___TI_prof_data_start</name>
         <value>0xffffffff</value>
      </symbol>
      <symbol id="sm-13">
         <name>___TI_prof_data_size</name>
         <value>0xffffffff</value>
      </symbol>
      <symbol id="sm-14">
         <name>$bss</name>
         <value>0x220</value>
      </symbol>
      <symbol id="sm-42">
         <name>_config</name>
         <value>0x9a84</value>
         <object_component_ref idref="oc-11"/>
      </symbol>
      <symbol id="sm-43">
         <name>_AIC_data</name>
         <value>0x9a80</value>
         <object_component_ref idref="oc-11"/>
      </symbol>
      <symbol id="sm-44">
         <name>_hAIC23_handle</name>
         <value>0x9acc</value>
         <object_component_ref idref="oc-11"/>
      </symbol>
      <symbol id="sm-45">
         <name>_AIC23CfgData</name>
         <value>0x9aac</value>
         <object_component_ref idref="oc-11"/>
      </symbol>
      <symbol id="sm-56">
         <name>_pTampon</name>
         <value>0x9980</value>
         <object_component_ref idref="oc-17"/>
      </symbol>
      <symbol id="sm-57">
         <name>_main</name>
         <value>0x9840</value>
         <object_component_ref idref="oc-70"/>
      </symbol>
      <symbol id="sm-58">
         <name>_AIC23_data</name>
         <value>0x9888</value>
         <object_component_ref idref="oc-17"/>
      </symbol>
      <symbol id="sm-59">
         <name>_inputsource</name>
         <value>0x9884</value>
         <object_component_ref idref="oc-17"/>
      </symbol>
      <symbol id="sm-5a">
         <name>_tampon</name>
         <value>0x9900</value>
         <object_component_ref idref="oc-17"/>
      </symbol>
      <symbol id="sm-5b">
         <name>_fs</name>
         <value>0x9880</value>
         <object_component_ref idref="oc-17"/>
      </symbol>
      <symbol id="sm-64">
         <name>_P1_correlation</name>
         <value>0x9760</value>
         <object_component_ref idref="oc-1b"/>
      </symbol>
      <symbol id="sm-71">
         <name>_vector10</name>
         <value>0x140</value>
         <object_component_ref idref="oc-20"/>
      </symbol>
      <symbol id="sm-72">
         <name>_vector12</name>
         <value>0x180</value>
         <object_component_ref idref="oc-20"/>
      </symbol>
      <symbol id="sm-73">
         <name>_vector13</name>
         <value>0x1a0</value>
         <object_component_ref idref="oc-20"/>
      </symbol>
      <symbol id="sm-74">
         <name>_vector14</name>
         <value>0x1c0</value>
         <object_component_ref idref="oc-20"/>
      </symbol>
      <symbol id="sm-75">
         <name>_vector15</name>
         <value>0x1e0</value>
         <object_component_ref idref="oc-20"/>
      </symbol>
      <symbol id="sm-76">
         <name>_vectors</name>
         <value>0x0</value>
         <object_component_ref idref="oc-20"/>
      </symbol>
      <symbol id="sm-77">
         <name>_vector1</name>
         <value>0x20</value>
         <object_component_ref idref="oc-20"/>
      </symbol>
      <symbol id="sm-78">
         <name>_vector3</name>
         <value>0x60</value>
         <object_component_ref idref="oc-20"/>
      </symbol>
      <symbol id="sm-79">
         <name>_vector2</name>
         <value>0x40</value>
         <object_component_ref idref="oc-20"/>
      </symbol>
      <symbol id="sm-7a">
         <name>_vector5</name>
         <value>0xa0</value>
         <object_component_ref idref="oc-20"/>
      </symbol>
      <symbol id="sm-7b">
         <name>_vector4</name>
         <value>0x80</value>
         <object_component_ref idref="oc-20"/>
      </symbol>
      <symbol id="sm-7c">
         <name>_vector7</name>
         <value>0xe0</value>
         <object_component_ref idref="oc-20"/>
      </symbol>
      <symbol id="sm-7d">
         <name>_vector6</name>
         <value>0xc0</value>
         <object_component_ref idref="oc-20"/>
      </symbol>
      <symbol id="sm-7e">
         <name>_vector9</name>
         <value>0x120</value>
         <object_component_ref idref="oc-20"/>
      </symbol>
      <symbol id="sm-7f">
         <name>_vector8</name>
         <value>0x100</value>
         <object_component_ref idref="oc-20"/>
      </symbol>
      <symbol id="sm-80">
         <name>_c_int11</name>
         <value>0x0</value>
      </symbol>
      <symbol id="sm-8c">
         <name>_c_int00</name>
         <value>0x9660</value>
         <object_component_ref idref="oc-e"/>
      </symbol>
      <symbol id="sm-8d">
         <name>__stack</name>
         <value>0x220</value>
         <object_component_ref idref="oc-25"/>
      </symbol>
      <symbol id="sm-9d">
         <name>C$$EXIT</name>
         <value>0x9800</value>
         <object_component_ref idref="oc-71"/>
      </symbol>
      <symbol id="sm-9e">
         <name>_exit</name>
         <value>0x92e0</value>
         <object_component_ref idref="oc-68"/>
      </symbol>
      <symbol id="sm-9f">
         <name>___TI_enable_exit_profile_output</name>
         <value>0x9b58</value>
         <object_component_ref idref="oc-2a"/>
      </symbol>
      <symbol id="sm-a0">
         <name>_abort</name>
         <value>0x9800</value>
         <object_component_ref idref="oc-71"/>
      </symbol>
      <symbol id="sm-a1">
         <name>__cleanup_ptr</name>
         <value>0x9b50</value>
         <object_component_ref idref="oc-2a"/>
      </symbol>
      <symbol id="sm-a2">
         <name>__dtors_ptr</name>
         <value>0x9b54</value>
         <object_component_ref idref="oc-2a"/>
      </symbol>
      <symbol id="sm-ac">
         <name>__args_main</name>
         <value>0x97a0</value>
         <object_component_ref idref="oc-67"/>
      </symbol>
      <symbol id="sm-ad">
         <name>__TI_args_main</name>
         <value>0x1</value>
      </symbol>
      <symbol id="sm-b7">
         <name>__auto_init</name>
         <value>0x9100</value>
         <object_component_ref idref="oc-66"/>
      </symbol>
      <symbol id="sm-c1">
         <name>___TI_cpp_init</name>
         <value>0x95e0</value>
         <object_component_ref idref="oc-6f"/>
      </symbol>
      <symbol id="sm-cb">
         <name>_copy_in</name>
         <value>0x93c0</value>
         <object_component_ref idref="oc-6d"/>
      </symbol>
      <symbol id="sm-d5">
         <name>_memcpy</name>
         <value>0x89c0</value>
         <object_component_ref idref="oc-6e"/>
      </symbol>
      <symbol id="sm-e3">
         <name>__IRQ_eventTable</name>
         <value>0x99ac</value>
         <object_component_ref idref="oc-3e"/>
      </symbol>
      <symbol id="sm-e4">
         <name>__IRQ_intTable</name>
         <value>0x9a30</value>
         <object_component_ref idref="oc-3e"/>
      </symbol>
      <symbol id="sm-e5">
         <name>__IRQ_dispatchTable</name>
         <value>0x9a70</value>
         <object_component_ref idref="oc-3e"/>
      </symbol>
      <symbol id="sm-e6">
         <name>__IRQ_hookFetchPacket</name>
         <value>0x9820</value>
         <object_component_ref idref="oc-3c"/>
      </symbol>
      <symbol id="sm-fa">
         <name>_MCBSP_reset</name>
         <value>0x8c00</value>
         <object_component_ref idref="oc-72"/>
      </symbol>
      <symbol id="sm-fb">
         <name>_MCBSP_close</name>
         <value>0x9540</value>
         <object_component_ref idref="oc-6a"/>
      </symbol>
      <symbol id="sm-fc">
         <name>_MCBSP_open</name>
         <value>0x8f00</value>
         <object_component_ref idref="oc-6b"/>
      </symbol>
      <symbol id="sm-fd">
         <name>__MCBSP_hDev0</name>
         <value>0x9b00</value>
         <object_component_ref idref="oc-43"/>
      </symbol>
      <symbol id="sm-fe">
         <name>__MCBSP_hDev1</name>
         <value>0x9b04</value>
         <object_component_ref idref="oc-43"/>
      </symbol>
      <symbol id="sm-ff">
         <name>_MCBSP_start</name>
         <value>0x9000</value>
         <object_component_ref idref="oc-6c"/>
      </symbol>
      <symbol id="sm-10d">
         <name>_DSK6713_init</name>
         <value>0x826c</value>
         <object_component_ref idref="oc-47"/>
      </symbol>
      <symbol id="sm-10e">
         <name>_DSK6713_version</name>
         <value>0x9b64</value>
         <object_component_ref idref="oc-48"/>
      </symbol>
      <symbol id="sm-10f">
         <name>_DSK6713_rget</name>
         <value>0x8588</value>
         <object_component_ref idref="oc-47"/>
      </symbol>
      <symbol id="sm-110">
         <name>_DSK6713_wait</name>
         <value>0x85b0</value>
         <object_component_ref idref="oc-47"/>
      </symbol>
      <symbol id="sm-111">
         <name>_DSK6713_rset</name>
         <value>0x859c</value>
         <object_component_ref idref="oc-47"/>
      </symbol>
      <symbol id="sm-112">
         <name>_DSK6713_waitusec</name>
         <value>0x8608</value>
         <object_component_ref idref="oc-47"/>
      </symbol>
      <symbol id="sm-113">
         <name>_DSK6713_getVersion</name>
         <value>0x8634</value>
         <object_component_ref idref="oc-47"/>
      </symbol>
      <symbol id="sm-11d">
         <name>_DSK6713_AIC23_closeCodec</name>
         <value>0x96e0</value>
         <object_component_ref idref="oc-4d"/>
      </symbol>
      <symbol id="sm-12b">
         <name>_DSK6713_AIC23_codeccontrolhandle</name>
         <value>0x9b5c</value>
         <object_component_ref idref="oc-52"/>
      </symbol>
      <symbol id="sm-12c">
         <name>_DSK6713_AIC23_codecdatahandle</name>
         <value>0x9b60</value>
         <object_component_ref idref="oc-52"/>
      </symbol>
      <symbol id="sm-12d">
         <name>_DSK6713_AIC23_openCodec</name>
         <value>0x86a0</value>
         <object_component_ref idref="oc-51"/>
      </symbol>
      <symbol id="sm-13b">
         <name>_DSK6713_AIC23_config</name>
         <value>0x8e60</value>
         <object_component_ref idref="oc-57"/>
      </symbol>
      <symbol id="sm-13c">
         <name>_DSK6713_AIC23_rget</name>
         <value>0x8e3c</value>
         <object_component_ref idref="oc-57"/>
      </symbol>
      <symbol id="sm-13d">
         <name>_DSK6713_AIC23_rset</name>
         <value>0x8da0</value>
         <object_component_ref idref="oc-57"/>
      </symbol>
      <symbol id="sm-14b">
         <name>_DSK6713_AIC23_setFreq</name>
         <value>0x9480</value>
         <object_component_ref idref="oc-5d"/>
      </symbol>
      <symbol id="sm-153">
         <name>__strasg</name>
         <value>0x9200</value>
         <object_component_ref idref="oc-69"/>
      </symbol>
   </symbol_table>
</link_info>
