<?xml version="1.0"?>
<link_info>
   <banner>TMS320C6x Linker PC v7.4.20</banner>
   <copyright>Copyright (c) 1996-2015 Texas Instruments Incorporated</copyright>
   <link_time>0x58936901</link_time>
   <output_file>Projet_S5_P1.out</output_file>
   <entry_point>
      <name>_c_int00</name>
      <address>0x19660</address>
   </entry_point>
   <input_file_list>
      <input_file id="fl-2">
         <path>.\source\asm\</path>
         <kind>object</kind>
         <file>Assembleur.obj</file>
         <name>Assembleur.obj</name>
      </input_file>
      <input_file id="fl-3">
         <path>.\source\c\</path>
         <kind>object</kind>
         <file>main.obj</file>
         <name>main.obj</name>
      </input_file>
      <input_file id="fl-82">
         <path>C:\ti\ccsv7\tools\compiler\c6000_7.4.20\lib\</path>
         <kind>archive</kind>
         <file>rts6700.lib</file>
         <name>boot.obj</name>
      </input_file>
      <input_file id="fl-83">
         <path>C:\ti\ccsv7\tools\compiler\c6000_7.4.20\lib\</path>
         <kind>archive</kind>
         <file>rts6700.lib</file>
         <name>divf.obj</name>
      </input_file>
      <input_file id="fl-84">
         <path>C:\ti\ccsv7\tools\compiler\c6000_7.4.20\lib\</path>
         <kind>archive</kind>
         <file>rts6700.lib</file>
         <name>exit.obj</name>
      </input_file>
      <input_file id="fl-85">
         <path>C:\ti\ccsv7\tools\compiler\c6000_7.4.20\lib\</path>
         <kind>archive</kind>
         <file>rts6700.lib</file>
         <name>sin.obj</name>
      </input_file>
      <input_file id="fl-86">
         <path>C:\ti\ccsv7\tools\compiler\c6000_7.4.20\lib\</path>
         <kind>archive</kind>
         <file>rts6700.lib</file>
         <name>trunc.obj</name>
      </input_file>
      <input_file id="fl-87">
         <path>C:\ti\ccsv7\tools\compiler\c6000_7.4.20\lib\</path>
         <kind>archive</kind>
         <file>rts6700.lib</file>
         <name>args_main.obj</name>
      </input_file>
      <input_file id="fl-88">
         <path>C:\ti\ccsv7\tools\compiler\c6000_7.4.20\lib\</path>
         <kind>archive</kind>
         <file>rts6700.lib</file>
         <name>autoinit.obj</name>
      </input_file>
      <input_file id="fl-89">
         <path>C:\ti\ccsv7\tools\compiler\c6000_7.4.20\lib\</path>
         <kind>archive</kind>
         <file>rts6700.lib</file>
         <name>cpp_init.obj</name>
      </input_file>
      <input_file id="fl-8a">
         <path>C:\ti\ccsv7\tools\compiler\c6000_7.4.20\lib\</path>
         <kind>archive</kind>
         <file>rts6700.lib</file>
         <name>cpy_tbl.obj</name>
      </input_file>
      <input_file id="fl-8b">
         <path>C:\ti\ccsv7\tools\compiler\c6000_7.4.20\lib\</path>
         <kind>archive</kind>
         <file>rts6700.lib</file>
         <name>memcpy62.obj</name>
      </input_file>
      <input_file id="fl-8c">
         <path>C:\ti\ccsv7\tools\compiler\c6000_7.4.20\lib\</path>
         <kind>archive</kind>
         <file>rts6700.lib</file>
         <name>modf.obj</name>
      </input_file>
      <input_file id="fl-8d">
         <path>C:\ti\ccsv7\tools\compiler\c6000_7.4.20\lib\</path>
         <kind>archive</kind>
         <file>rts6700.lib</file>
         <name>round.obj</name>
      </input_file>
      <input_file id="fl-8e">
         <path>C:\ti\ccsv7\ccs_base\C6700\dsplib\lib\</path>
         <kind>archive</kind>
         <file>dsp67x.lib</file>
         <name>DSPF_sp_cfftr2_dit.obj</name>
      </input_file>
   </input_file_list>
   <object_component_list>
      <object_component id="oc-42">
         <name>.text</name>
         <load_address>0x18320</load_address>
         <run_address>0x18320</run_address>
         <size>0x4e0</size>
         <input_file_ref idref="fl-8e"/>
      </object_component>
      <object_component id="oc-4e">
         <name>.text:__divf</name>
         <load_address>0x18800</load_address>
         <run_address>0x18800</run_address>
         <size>0x300</size>
         <input_file_ref idref="fl-83"/>
      </object_component>
      <object_component id="oc-4f">
         <name>.text:_sin</name>
         <load_address>0x18b00</load_address>
         <run_address>0x18b00</run_address>
         <size>0x2e0</size>
         <input_file_ref idref="fl-85"/>
      </object_component>
      <object_component id="oc-4a">
         <name>.text:_memcpy</name>
         <load_address>0x18de0</load_address>
         <run_address>0x18de0</run_address>
         <size>0x240</size>
         <input_file_ref idref="fl-8b"/>
      </object_component>
      <object_component id="oc-4c">
         <name>.text</name>
         <load_address>0x19020</load_address>
         <run_address>0x19020</run_address>
         <size>0x160</size>
         <input_file_ref idref="fl-3"/>
      </object_component>
      <object_component id="oc-46">
         <name>.text:__auto_init</name>
         <load_address>0x19180</load_address>
         <run_address>0x19180</run_address>
         <size>0x100</size>
         <input_file_ref idref="fl-88"/>
      </object_component>
      <object_component id="oc-51">
         <name>.text:__nround</name>
         <load_address>0x19280</load_address>
         <run_address>0x19280</run_address>
         <size>0xe0</size>
         <input_file_ref idref="fl-8d"/>
      </object_component>
      <object_component id="oc-48">
         <name>.text:_exit</name>
         <load_address>0x19360</load_address>
         <run_address>0x19360</run_address>
         <size>0xe0</size>
         <input_file_ref idref="fl-84"/>
      </object_component>
      <object_component id="oc-52">
         <name>.text:_modf</name>
         <load_address>0x19440</load_address>
         <run_address>0x19440</run_address>
         <size>0xe0</size>
         <input_file_ref idref="fl-8c"/>
      </object_component>
      <object_component id="oc-49">
         <name>.text:_copy_in</name>
         <load_address>0x19520</load_address>
         <run_address>0x19520</run_address>
         <size>0xc0</size>
         <input_file_ref idref="fl-8a"/>
      </object_component>
      <object_component id="oc-4b">
         <name>.text:___TI_cpp_init</name>
         <load_address>0x195e0</load_address>
         <run_address>0x195e0</run_address>
         <size>0x80</size>
         <input_file_ref idref="fl-89"/>
      </object_component>
      <object_component id="oc-e">
         <name>.text:_c_int00</name>
         <load_address>0x19660</load_address>
         <run_address>0x19660</run_address>
         <size>0x80</size>
         <input_file_ref idref="fl-82"/>
      </object_component>
      <object_component id="oc-47">
         <name>.text:__args_main</name>
         <load_address>0x196e0</load_address>
         <run_address>0x196e0</run_address>
         <size>0x40</size>
         <input_file_ref idref="fl-87"/>
      </object_component>
      <object_component id="oc-50">
         <name>.text:__trunc</name>
         <load_address>0x19720</load_address>
         <run_address>0x19720</run_address>
         <size>0x40</size>
         <input_file_ref idref="fl-86"/>
      </object_component>
      <object_component id="oc-f">
         <name>.text</name>
         <load_address>0x19760</load_address>
         <run_address>0x19760</run_address>
         <size>0x20</size>
         <input_file_ref idref="fl-2"/>
      </object_component>
      <object_component id="oc-4d">
         <name>.text:_abort</name>
         <load_address>0x19780</load_address>
         <run_address>0x19780</run_address>
         <size>0x20</size>
         <input_file_ref idref="fl-84"/>
      </object_component>
      <object_component id="oc-14">
         <name>.cinit</name>
         <load_address>0x10278</load_address>
         <run_address>0x10278</run_address>
         <size>0x8012</size>
         <input_file_ref idref="fl-3"/>
      </object_component>
      <object_component id="oc-26">
         <name>.cinit</name>
         <load_address>0x18290</load_address>
         <run_address>0x18290</run_address>
         <size>0x48</size>
         <input_file_ref idref="fl-85"/>
      </object_component>
      <object_component id="oc-21">
         <name>.cinit</name>
         <load_address>0x182d8</load_address>
         <run_address>0x182d8</run_address>
         <size>0x2c</size>
         <input_file_ref idref="fl-84"/>
      </object_component>
      <object_component id="oc-1a">
         <name>.stack</name>
         <uninitialized>true</uninitialized>
         <run_address>0x197a0</run_address>
         <size>0x8</size>
         <input_file_ref idref="fl-82"/>
      </object_component>
      <object_component id="oc-68">
         <name>.stack</name>
         <uninitialized>true</uninitialized>
         <run_address>0x197a0</run_address>
         <size>0x0</size>
      </object_component>
      <object_component id="oc-15">
         <name>.far</name>
         <uninitialized>true</uninitialized>
         <run_address>0x220</run_address>
         <size>0x10002</size>
         <input_file_ref idref="fl-3"/>
      </object_component>
      <object_component id="oc-22">
         <name>.far</name>
         <uninitialized>true</uninitialized>
         <run_address>0x10268</run_address>
         <size>0xc</size>
         <input_file_ref idref="fl-84"/>
      </object_component>
      <object_component id="oc-27">
         <name>.far</name>
         <uninitialized>true</uninitialized>
         <run_address>0x10228</run_address>
         <size>0x40</size>
         <input_file_ref idref="fl-85"/>
      </object_component>
      <object_component id="oc-10">
         <name>.debug_info</name>
         <load_address>0x0</load_address>
         <run_address>0x0</run_address>
         <size>0xde</size>
         <input_file_ref idref="fl-2"/>
      </object_component>
      <object_component id="oc-13">
         <name>.debug_info</name>
         <load_address>0xde</load_address>
         <run_address>0xde</run_address>
         <size>0x74f</size>
         <input_file_ref idref="fl-3"/>
      </object_component>
      <object_component id="oc-19">
         <name>.debug_info</name>
         <load_address>0x82d</load_address>
         <run_address>0x82d</run_address>
         <size>0x70b</size>
         <input_file_ref idref="fl-82"/>
      </object_component>
      <object_component id="oc-1d">
         <name>.debug_info</name>
         <load_address>0xf38</load_address>
         <run_address>0xf38</run_address>
         <size>0x8ce</size>
         <input_file_ref idref="fl-83"/>
      </object_component>
      <object_component id="oc-20">
         <name>.debug_info</name>
         <load_address>0x1806</load_address>
         <run_address>0x1806</run_address>
         <size>0x7ff</size>
         <input_file_ref idref="fl-84"/>
      </object_component>
      <object_component id="oc-25">
         <name>.debug_info</name>
         <load_address>0x2005</load_address>
         <run_address>0x2005</run_address>
         <size>0x717</size>
         <input_file_ref idref="fl-85"/>
      </object_component>
      <object_component id="oc-2a">
         <name>.debug_info</name>
         <load_address>0x271c</load_address>
         <run_address>0x271c</run_address>
         <size>0x651</size>
         <input_file_ref idref="fl-86"/>
      </object_component>
      <object_component id="oc-2d">
         <name>.debug_info</name>
         <load_address>0x2d6d</load_address>
         <run_address>0x2d6d</run_address>
         <size>0x6e1</size>
         <input_file_ref idref="fl-87"/>
      </object_component>
      <object_component id="oc-30">
         <name>.debug_info</name>
         <load_address>0x344e</load_address>
         <run_address>0x344e</run_address>
         <size>0x871</size>
         <input_file_ref idref="fl-88"/>
      </object_component>
      <object_component id="oc-33">
         <name>.debug_info</name>
         <load_address>0x3cbf</load_address>
         <run_address>0x3cbf</run_address>
         <size>0x6e9</size>
         <input_file_ref idref="fl-89"/>
      </object_component>
      <object_component id="oc-36">
         <name>.debug_info</name>
         <load_address>0x43a8</load_address>
         <run_address>0x43a8</run_address>
         <size>0x7df</size>
         <input_file_ref idref="fl-8a"/>
      </object_component>
      <object_component id="oc-39">
         <name>.debug_info</name>
         <load_address>0x4b87</load_address>
         <run_address>0x4b87</run_address>
         <size>0x792</size>
         <input_file_ref idref="fl-8b"/>
      </object_component>
      <object_component id="oc-3c">
         <name>.debug_info</name>
         <load_address>0x5319</load_address>
         <run_address>0x5319</run_address>
         <size>0x680</size>
         <input_file_ref idref="fl-8c"/>
      </object_component>
      <object_component id="oc-3f">
         <name>.debug_info</name>
         <load_address>0x5999</load_address>
         <run_address>0x5999</run_address>
         <size>0x659</size>
         <input_file_ref idref="fl-8d"/>
      </object_component>
      <object_component id="oc-44">
         <name>.debug_info</name>
         <load_address>0x5ff2</load_address>
         <run_address>0x5ff2</run_address>
         <size>0xaf</size>
         <input_file_ref idref="fl-8e"/>
      </object_component>
      <object_component id="oc-69">
         <name>.debug_info</name>
         <load_address>0x60a1</load_address>
         <run_address>0x60a1</run_address>
         <size>0x6e</size>
      </object_component>
      <object_component id="oc-11">
         <name>.debug_line</name>
         <load_address>0x0</load_address>
         <run_address>0x0</run_address>
         <size>0x49</size>
         <input_file_ref idref="fl-2"/>
      </object_component>
      <object_component id="oc-17">
         <name>.debug_line</name>
         <load_address>0x49</load_address>
         <run_address>0x49</run_address>
         <size>0x63</size>
         <input_file_ref idref="fl-3"/>
      </object_component>
      <object_component id="oc-1b">
         <name>.debug_line</name>
         <load_address>0xac</load_address>
         <run_address>0xac</run_address>
         <size>0x3d</size>
         <input_file_ref idref="fl-82"/>
      </object_component>
      <object_component id="oc-1e">
         <name>.debug_line</name>
         <load_address>0xe9</load_address>
         <run_address>0xe9</run_address>
         <size>0x3c</size>
         <input_file_ref idref="fl-83"/>
      </object_component>
      <object_component id="oc-23">
         <name>.debug_line</name>
         <load_address>0x125</load_address>
         <run_address>0x125</run_address>
         <size>0x4f</size>
         <input_file_ref idref="fl-84"/>
      </object_component>
      <object_component id="oc-28">
         <name>.debug_line</name>
         <load_address>0x174</load_address>
         <run_address>0x174</run_address>
         <size>0x54</size>
         <input_file_ref idref="fl-85"/>
      </object_component>
      <object_component id="oc-2b">
         <name>.debug_line</name>
         <load_address>0x1c8</load_address>
         <run_address>0x1c8</run_address>
         <size>0x38</size>
         <input_file_ref idref="fl-86"/>
      </object_component>
      <object_component id="oc-2e">
         <name>.debug_line</name>
         <load_address>0x200</load_address>
         <run_address>0x200</run_address>
         <size>0x41</size>
         <input_file_ref idref="fl-87"/>
      </object_component>
      <object_component id="oc-31">
         <name>.debug_line</name>
         <load_address>0x241</load_address>
         <run_address>0x241</run_address>
         <size>0x47</size>
         <input_file_ref idref="fl-88"/>
      </object_component>
      <object_component id="oc-34">
         <name>.debug_line</name>
         <load_address>0x288</load_address>
         <run_address>0x288</run_address>
         <size>0x45</size>
         <input_file_ref idref="fl-89"/>
      </object_component>
      <object_component id="oc-37">
         <name>.debug_line</name>
         <load_address>0x2cd</load_address>
         <run_address>0x2cd</run_address>
         <size>0x44</size>
         <input_file_ref idref="fl-8a"/>
      </object_component>
      <object_component id="oc-3a">
         <name>.debug_line</name>
         <load_address>0x311</load_address>
         <run_address>0x311</run_address>
         <size>0x4e</size>
         <input_file_ref idref="fl-8b"/>
      </object_component>
      <object_component id="oc-3d">
         <name>.debug_line</name>
         <load_address>0x35f</load_address>
         <run_address>0x35f</run_address>
         <size>0x37</size>
         <input_file_ref idref="fl-8c"/>
      </object_component>
      <object_component id="oc-40">
         <name>.debug_line</name>
         <load_address>0x396</load_address>
         <run_address>0x396</run_address>
         <size>0x38</size>
         <input_file_ref idref="fl-8d"/>
      </object_component>
      <object_component id="oc-45">
         <name>.debug_line</name>
         <load_address>0x3ce</load_address>
         <run_address>0x3ce</run_address>
         <size>0x8a</size>
         <input_file_ref idref="fl-8e"/>
      </object_component>
      <object_component id="oc-12">
         <name>.debug_abbrev</name>
         <load_address>0x0</load_address>
         <run_address>0x0</run_address>
         <size>0x27</size>
         <input_file_ref idref="fl-2"/>
      </object_component>
      <object_component id="oc-18">
         <name>.debug_abbrev</name>
         <load_address>0x27</load_address>
         <run_address>0x27</run_address>
         <size>0xeb</size>
         <input_file_ref idref="fl-3"/>
      </object_component>
      <object_component id="oc-1c">
         <name>.debug_abbrev</name>
         <load_address>0x112</load_address>
         <run_address>0x112</run_address>
         <size>0xfe</size>
         <input_file_ref idref="fl-82"/>
      </object_component>
      <object_component id="oc-1f">
         <name>.debug_abbrev</name>
         <load_address>0x210</load_address>
         <run_address>0x210</run_address>
         <size>0xe7</size>
         <input_file_ref idref="fl-83"/>
      </object_component>
      <object_component id="oc-24">
         <name>.debug_abbrev</name>
         <load_address>0x2f7</load_address>
         <run_address>0x2f7</run_address>
         <size>0x119</size>
         <input_file_ref idref="fl-84"/>
      </object_component>
      <object_component id="oc-29">
         <name>.debug_abbrev</name>
         <load_address>0x410</load_address>
         <run_address>0x410</run_address>
         <size>0xcc</size>
         <input_file_ref idref="fl-85"/>
      </object_component>
      <object_component id="oc-2c">
         <name>.debug_abbrev</name>
         <load_address>0x4dc</load_address>
         <run_address>0x4dc</run_address>
         <size>0xaf</size>
         <input_file_ref idref="fl-86"/>
      </object_component>
      <object_component id="oc-2f">
         <name>.debug_abbrev</name>
         <load_address>0x58b</load_address>
         <run_address>0x58b</run_address>
         <size>0xe1</size>
         <input_file_ref idref="fl-87"/>
      </object_component>
      <object_component id="oc-32">
         <name>.debug_abbrev</name>
         <load_address>0x66c</load_address>
         <run_address>0x66c</run_address>
         <size>0x13f</size>
         <input_file_ref idref="fl-88"/>
      </object_component>
      <object_component id="oc-35">
         <name>.debug_abbrev</name>
         <load_address>0x7ab</load_address>
         <run_address>0x7ab</run_address>
         <size>0xdd</size>
         <input_file_ref idref="fl-89"/>
      </object_component>
      <object_component id="oc-38">
         <name>.debug_abbrev</name>
         <load_address>0x888</load_address>
         <run_address>0x888</run_address>
         <size>0x10c</size>
         <input_file_ref idref="fl-8a"/>
      </object_component>
      <object_component id="oc-3b">
         <name>.debug_abbrev</name>
         <load_address>0x994</load_address>
         <run_address>0x994</run_address>
         <size>0xd5</size>
         <input_file_ref idref="fl-8b"/>
      </object_component>
      <object_component id="oc-3e">
         <name>.debug_abbrev</name>
         <load_address>0xa69</load_address>
         <run_address>0xa69</run_address>
         <size>0xa1</size>
         <input_file_ref idref="fl-8c"/>
      </object_component>
      <object_component id="oc-41">
         <name>.debug_abbrev</name>
         <load_address>0xb0a</load_address>
         <run_address>0xb0a</run_address>
         <size>0xaf</size>
         <input_file_ref idref="fl-8d"/>
      </object_component>
      <object_component id="oc-43">
         <name>.debug_abbrev</name>
         <load_address>0xbb9</load_address>
         <run_address>0xbb9</run_address>
         <size>0x1f</size>
         <input_file_ref idref="fl-8e"/>
      </object_component>
      <object_component id="oc-6a">
         <name>.debug_abbrev</name>
         <load_address>0xbd8</load_address>
         <run_address>0xbd8</run_address>
         <size>0xd</size>
      </object_component>
      <object_component id="oc-16">
         <name>.debug_frame</name>
         <load_address>0x0</load_address>
         <run_address>0x0</run_address>
         <size>0x25e</size>
         <input_file_ref idref="fl-3"/>
      </object_component>
   </object_component_list>
   <logical_group_list>
      <logical_group id="lg-2">
         <name>.EXT_RAM</name>
         <run_address>0x0</run_address>
         <size>0x0</size>
         <contents>
         </contents>
      </logical_group>
      <logical_group id="lg-3">
         <name>.vectors</name>
         <run_address>0x0</run_address>
         <size>0x0</size>
         <contents>
         </contents>
      </logical_group>
      <logical_group id="lg-4">
         <name>.text</name>
         <load_address>0x18320</load_address>
         <run_address>0x18320</run_address>
         <size>0x1480</size>
         <contents>
            <object_component_ref idref="oc-42"/>
            <object_component_ref idref="oc-4e"/>
            <object_component_ref idref="oc-4f"/>
            <object_component_ref idref="oc-4a"/>
            <object_component_ref idref="oc-4c"/>
            <object_component_ref idref="oc-46"/>
            <object_component_ref idref="oc-51"/>
            <object_component_ref idref="oc-48"/>
            <object_component_ref idref="oc-52"/>
            <object_component_ref idref="oc-49"/>
            <object_component_ref idref="oc-4b"/>
            <object_component_ref idref="oc-e"/>
            <object_component_ref idref="oc-47"/>
            <object_component_ref idref="oc-50"/>
            <object_component_ref idref="oc-f"/>
            <object_component_ref idref="oc-4d"/>
         </contents>
      </logical_group>
      <logical_group id="lg-5">
         <name>.bss</name>
         <run_address>0x220</run_address>
         <size>0x0</size>
         <contents>
         </contents>
      </logical_group>
      <logical_group id="lg-6">
         <name>.cinit</name>
         <load_address>0x10278</load_address>
         <run_address>0x10278</run_address>
         <size>0x8094</size>
         <contents>
            <object_component_ref idref="oc-14"/>
            <object_component_ref idref="oc-26"/>
            <object_component_ref idref="oc-21"/>
         </contents>
      </logical_group>
      <logical_group id="lg-7">
         <name>.stack</name>
         <run_address>0x197a0</run_address>
         <size>0x1000</size>
         <contents>
            <object_component_ref idref="oc-1a"/>
            <object_component_ref idref="oc-68"/>
         </contents>
      </logical_group>
      <logical_group id="lg-8">
         <name>.sysmem</name>
         <run_address>0x0</run_address>
         <size>0x0</size>
         <contents>
         </contents>
      </logical_group>
      <logical_group id="lg-9">
         <name>.const</name>
         <run_address>0x0</run_address>
         <size>0x0</size>
         <contents>
         </contents>
      </logical_group>
      <logical_group id="lg-a">
         <name>.switch</name>
         <run_address>0x0</run_address>
         <size>0x0</size>
         <contents>
         </contents>
      </logical_group>
      <logical_group id="lg-b">
         <name>.far</name>
         <run_address>0x220</run_address>
         <size>0x10054</size>
         <contents>
            <object_component_ref idref="oc-15"/>
            <object_component_ref idref="oc-22"/>
            <object_component_ref idref="oc-27"/>
         </contents>
      </logical_group>
      <logical_group id="lg-c">
         <name>.cio</name>
         <run_address>0x0</run_address>
         <size>0x0</size>
         <contents>
         </contents>
      </logical_group>
      <logical_group id="lg-d">
         <name>.csldata</name>
         <run_address>0x0</run_address>
         <size>0x0</size>
         <contents>
         </contents>
      </logical_group>
      <logical_group id="lg-5f">
         <name>.debug_info</name>
         <load_address>0x0</load_address>
         <run_address>0x0</run_address>
         <size>0x610f</size>
         <contents>
            <object_component_ref idref="oc-10"/>
            <object_component_ref idref="oc-13"/>
            <object_component_ref idref="oc-19"/>
            <object_component_ref idref="oc-1d"/>
            <object_component_ref idref="oc-20"/>
            <object_component_ref idref="oc-25"/>
            <object_component_ref idref="oc-2a"/>
            <object_component_ref idref="oc-2d"/>
            <object_component_ref idref="oc-30"/>
            <object_component_ref idref="oc-33"/>
            <object_component_ref idref="oc-36"/>
            <object_component_ref idref="oc-39"/>
            <object_component_ref idref="oc-3c"/>
            <object_component_ref idref="oc-3f"/>
            <object_component_ref idref="oc-44"/>
            <object_component_ref idref="oc-69"/>
         </contents>
      </logical_group>
      <logical_group id="lg-61">
         <name>.debug_line</name>
         <load_address>0x0</load_address>
         <run_address>0x0</run_address>
         <size>0x458</size>
         <contents>
            <object_component_ref idref="oc-11"/>
            <object_component_ref idref="oc-17"/>
            <object_component_ref idref="oc-1b"/>
            <object_component_ref idref="oc-1e"/>
            <object_component_ref idref="oc-23"/>
            <object_component_ref idref="oc-28"/>
            <object_component_ref idref="oc-2b"/>
            <object_component_ref idref="oc-2e"/>
            <object_component_ref idref="oc-31"/>
            <object_component_ref idref="oc-34"/>
            <object_component_ref idref="oc-37"/>
            <object_component_ref idref="oc-3a"/>
            <object_component_ref idref="oc-3d"/>
            <object_component_ref idref="oc-40"/>
            <object_component_ref idref="oc-45"/>
         </contents>
      </logical_group>
      <logical_group id="lg-63">
         <name>.debug_abbrev</name>
         <load_address>0x0</load_address>
         <run_address>0x0</run_address>
         <size>0xbe5</size>
         <contents>
            <object_component_ref idref="oc-12"/>
            <object_component_ref idref="oc-18"/>
            <object_component_ref idref="oc-1c"/>
            <object_component_ref idref="oc-1f"/>
            <object_component_ref idref="oc-24"/>
            <object_component_ref idref="oc-29"/>
            <object_component_ref idref="oc-2c"/>
            <object_component_ref idref="oc-2f"/>
            <object_component_ref idref="oc-32"/>
            <object_component_ref idref="oc-35"/>
            <object_component_ref idref="oc-38"/>
            <object_component_ref idref="oc-3b"/>
            <object_component_ref idref="oc-3e"/>
            <object_component_ref idref="oc-41"/>
            <object_component_ref idref="oc-43"/>
            <object_component_ref idref="oc-6a"/>
         </contents>
      </logical_group>
      <logical_group id="lg-65">
         <name>.debug_frame</name>
         <load_address>0x0</load_address>
         <run_address>0x0</run_address>
         <size>0x25e</size>
         <contents>
            <object_component_ref idref="oc-16"/>
         </contents>
      </logical_group>
   </logical_group_list>
   <placement_map>
      <memory_area>
         <name>IVECS</name>
         <page_id>0x0</page_id>
         <origin>0x0</origin>
         <length>0x220</length>
         <used_space>0x0</used_space>
         <unused_space>0x220</unused_space>
         <attributes>RWIX</attributes>
         <usage_details>
         </usage_details>
      </memory_area>
      <memory_area>
         <name>IRAM</name>
         <page_id>0x0</page_id>
         <origin>0x220</origin>
         <length>0x2fde0</length>
         <used_space>0x1a568</used_space>
         <unused_space>0x15878</unused_space>
         <attributes>RWIX</attributes>
         <usage_details>
            <allocated_space>
               <start_address>0x220</start_address>
               <size>0x0</size>
               <logical_group_ref idref="lg-5"/>
            </allocated_space>
            <allocated_space>
               <start_address>0x220</start_address>
               <size>0x10054</size>
               <logical_group_ref idref="lg-b"/>
            </allocated_space>
            <available_space>
               <start_address>0x10274</start_address>
               <size>0x4</size>
            </available_space>
            <allocated_space>
               <start_address>0x10278</start_address>
               <size>0x8094</size>
               <logical_group_ref idref="lg-6"/>
            </allocated_space>
            <available_space>
               <start_address>0x1830c</start_address>
               <size>0x14</size>
            </available_space>
            <allocated_space>
               <start_address>0x18320</start_address>
               <size>0x1480</size>
               <logical_group_ref idref="lg-4"/>
            </allocated_space>
            <allocated_space>
               <start_address>0x197a0</start_address>
               <size>0x1000</size>
               <logical_group_ref idref="lg-7"/>
            </allocated_space>
            <available_space>
               <start_address>0x1a7a0</start_address>
               <size>0x15860</size>
            </available_space>
         </usage_details>
      </memory_area>
      <memory_area>
         <name>SDRAM</name>
         <page_id>0x0</page_id>
         <origin>0x80000000</origin>
         <length>0x1000000</length>
         <used_space>0x0</used_space>
         <unused_space>0x1000000</unused_space>
         <attributes>RWIX</attributes>
         <usage_details>
         </usage_details>
      </memory_area>
      <memory_area>
         <name>FLASH</name>
         <page_id>0x0</page_id>
         <origin>0x90000000</origin>
         <length>0x20000</length>
         <used_space>0x0</used_space>
         <unused_space>0x20000</unused_space>
         <attributes>RWIX</attributes>
         <usage_details>
         </usage_details>
      </memory_area>
   </placement_map>
   <symbol_table>
      <symbol id="sm-0">
         <name>cinit</name>
         <value>0x10278</value>
      </symbol>
      <symbol id="sm-1">
         <name>___cinit__</name>
         <value>0x10278</value>
      </symbol>
      <symbol id="sm-2">
         <name>pinit</name>
         <value>0xffffffff</value>
      </symbol>
      <symbol id="sm-3">
         <name>___pinit__</name>
         <value>0xffffffff</value>
      </symbol>
      <symbol id="sm-4">
         <name>binit</name>
         <value>0xffffffff</value>
      </symbol>
      <symbol id="sm-5">
         <name>___binit__</name>
         <value>0xffffffff</value>
      </symbol>
      <symbol id="sm-6">
         <name>__STACK_SIZE</name>
         <value>0x1000</value>
      </symbol>
      <symbol id="sm-7">
         <name>__STACK_END</name>
         <value>0x1a7a0</value>
      </symbol>
      <symbol id="sm-8">
         <name>___c_args__</name>
         <value>0xffffffff</value>
      </symbol>
      <symbol id="sm-9">
         <name>.text</name>
         <value>0x18320</value>
      </symbol>
      <symbol id="sm-a">
         <name>___text__</name>
         <value>0x18320</value>
      </symbol>
      <symbol id="sm-b">
         <name>etext</name>
         <value>0x197a0</value>
      </symbol>
      <symbol id="sm-c">
         <name>___etext__</name>
         <value>0x197a0</value>
      </symbol>
      <symbol id="sm-d">
         <name>.bss</name>
         <value>0x220</value>
      </symbol>
      <symbol id="sm-e">
         <name>___bss__</name>
         <value>0x220</value>
      </symbol>
      <symbol id="sm-f">
         <name>end</name>
         <value>0x220</value>
      </symbol>
      <symbol id="sm-10">
         <name>___end__</name>
         <value>0x220</value>
      </symbol>
      <symbol id="sm-11">
         <name>___TI_pprof_out_hndl</name>
         <value>0xffffffff</value>
      </symbol>
      <symbol id="sm-12">
         <name>___TI_prof_data_start</name>
         <value>0xffffffff</value>
      </symbol>
      <symbol id="sm-13">
         <name>___TI_prof_data_size</name>
         <value>0xffffffff</value>
      </symbol>
      <symbol id="sm-14">
         <name>$bss</name>
         <value>0x220</value>
      </symbol>
      <symbol id="sm-3c">
         <name>_SubEntierNonSigne32bits</name>
         <value>0x19760</value>
         <object_component_ref idref="oc-f"/>
      </symbol>
      <symbol id="sm-59">
         <name>_main</name>
         <value>0x19020</value>
         <object_component_ref idref="oc-4c"/>
      </symbol>
      <symbol id="sm-5a">
         <name>_w</name>
         <value>0x220</value>
         <object_component_ref idref="oc-15"/>
      </symbol>
      <symbol id="sm-5b">
         <name>_c</name>
         <value>0x10220</value>
         <object_component_ref idref="oc-15"/>
      </symbol>
      <symbol id="sm-5c">
         <name>_a</name>
         <value>0x8220</value>
         <object_component_ref idref="oc-15"/>
      </symbol>
      <symbol id="sm-68">
         <name>_c_int00</name>
         <value>0x19660</value>
         <object_component_ref idref="oc-e"/>
      </symbol>
      <symbol id="sm-69">
         <name>__stack</name>
         <value>0x197a0</value>
         <object_component_ref idref="oc-1a"/>
      </symbol>
      <symbol id="sm-73">
         <name>__divf</name>
         <value>0x18800</value>
         <object_component_ref idref="oc-4e"/>
      </symbol>
      <symbol id="sm-83">
         <name>C$$EXIT</name>
         <value>0x19780</value>
         <object_component_ref idref="oc-4d"/>
      </symbol>
      <symbol id="sm-84">
         <name>_exit</name>
         <value>0x19360</value>
         <object_component_ref idref="oc-48"/>
      </symbol>
      <symbol id="sm-85">
         <name>___TI_enable_exit_profile_output</name>
         <value>0x10270</value>
         <object_component_ref idref="oc-22"/>
      </symbol>
      <symbol id="sm-86">
         <name>_abort</name>
         <value>0x19780</value>
         <object_component_ref idref="oc-4d"/>
      </symbol>
      <symbol id="sm-87">
         <name>__cleanup_ptr</name>
         <value>0x10268</value>
         <object_component_ref idref="oc-22"/>
      </symbol>
      <symbol id="sm-88">
         <name>__dtors_ptr</name>
         <value>0x1026c</value>
         <object_component_ref idref="oc-22"/>
      </symbol>
      <symbol id="sm-96">
         <name>_sin</name>
         <value>0x18b00</value>
         <object_component_ref idref="oc-4f"/>
      </symbol>
      <symbol id="sm-a0">
         <name>__trunc</name>
         <value>0x19720</value>
         <object_component_ref idref="oc-50"/>
      </symbol>
      <symbol id="sm-aa">
         <name>__args_main</name>
         <value>0x196e0</value>
         <object_component_ref idref="oc-47"/>
      </symbol>
      <symbol id="sm-ab">
         <name>__TI_args_main</name>
         <value>0x1</value>
      </symbol>
      <symbol id="sm-b5">
         <name>__auto_init</name>
         <value>0x19180</value>
         <object_component_ref idref="oc-46"/>
      </symbol>
      <symbol id="sm-bf">
         <name>___TI_cpp_init</name>
         <value>0x195e0</value>
         <object_component_ref idref="oc-4b"/>
      </symbol>
      <symbol id="sm-c9">
         <name>_copy_in</name>
         <value>0x19520</value>
         <object_component_ref idref="oc-49"/>
      </symbol>
      <symbol id="sm-d3">
         <name>_memcpy</name>
         <value>0x18de0</value>
         <object_component_ref idref="oc-4a"/>
      </symbol>
      <symbol id="sm-dd">
         <name>_modf</name>
         <value>0x19440</value>
         <object_component_ref idref="oc-52"/>
      </symbol>
      <symbol id="sm-e7">
         <name>__nround</name>
         <value>0x19280</value>
         <object_component_ref idref="oc-51"/>
      </symbol>
      <symbol id="sm-f1">
         <name>_DSPF_sp_cfftr2_dit</name>
         <value>0x18320</value>
         <object_component_ref idref="oc-42"/>
      </symbol>
   </symbol_table>
</link_info>
